seed,level_pct,arm,n_subset,n_static,fleet_mean_tt,fleet_p50_tt,fleet_p90_tt,fleet_p95_p50,fleet_completion,fleet_deadline_misses,fleet_unfinished,subset_mean_tt,subset_completion,static_mean_tt,static_completion,strsumo_avg_tt,strsumo_completion,strsumo_deadlines,strsumo_timeout_rate,step_limit_reached,route_choice_nonzero_rate,wall_seconds
4010,100,dijkstra,450,0,1585.007,1746.0,2280.7,1.3417,1.0,395,0,1585.007,1.0,,,1585.038,1.0,395,0.0,0,,7.1
4010,100,mappo_off,450,0,851.042,893.0,1468.2,1.7263,1.0,328,0,851.042,1.0,,,851.042,1.0,328,0.0,0,0.4528,14.2
4010,100,mappo_on,450,0,1281.584,1483.5,2044.2,1.4231,1.0,348,0,1281.584,1.0,,,1281.598,1.0,348,0.0,0,0.4075,19.3
4014,10,dijkstra,45,405,300.182,311.0,516.0,1.7223,1.0,105,0,284.311,1.0,301.946,1.0,284.311,1.0,16,0.0,0,,1.6
4016,25,dijkstra,112,338,209.304,201.5,359.0,1.9012,1.0,39,0,225.714,1.0,203.867,1.0,225.714,1.0,13,0.0,0,,1.8
4018,50,dijkstra,225,225,359.296,214.0,862.3,4.4465,1.0,163,0,358.902,1.0,359.689,1.0,358.902,1.0,75,0.0,0,,3.4
4016,100,dijkstra,450,0,213.807,227.5,351.0,1.6532,1.0,42,0,213.807,1.0,,,213.807,1.0,42,0.0,0,,4.1
4013,100,dijkstra,450,0,597.109,591.5,1186.5,2.0896,1.0,265,0,597.109,1.0,,,597.109,1.0,265,0.0,0,,6.3
4020,50,dijkstra,225,225,246.804,228.5,406.0,1.8775,1.0,73,0,246.436,1.0,247.173,1.0,246.436,1.0,30,0.0,0,,2.8
4010,25,dijkstra,112,338,1563.724,1889.0,2448.2,1.3357,1.0,378,0,1600.259,1.0,1551.618,1.0,1600.277,1.0,90,0.0,0,,7.2
4017,25,dijkstra,112,338,538.329,471.5,1128.0,2.4932,1.0,241,0,538.5,1.0,538.272,1.0,538.5,1.0,57,0.0,0,,3.9
4025,50,dijkstra,225,225,618.244,572.5,1196.5,2.3008,1.0,235,0,630.649,1.0,605.84,1.0,630.649,1.0,114,0.0,0,,8.5
4016,75,mappo_on,338,112,230.551,222.0,406.5,2.0378,1.0,63,0,243.518,1.0,191.42,1.0,243.518,1.0,57,0.0,0,0.3081,9.3
4018,75,mappo_on,338,112,302.551,245.0,590.0,2.592,1.0,130,0,305.03,1.0,295.071,1.0,305.03,1.0,98,0.0,0,0.3837,10.2
4016,100,mappo_off,450,0,223.698,217.5,402.1,2.0807,1.0,51,0,223.698,1.0,,,223.698,1.0,51,0.0,0,0.2737,10.2
4020,10,mappo_off,45,405,238.451,214.0,425.0,2.1334,1.0,63,0,345.133,1.0,226.598,1.0,345.133,1.0,10,0.0,0,0.4841,4.4
4020,25,mappo_on,112,338,254.798,232.0,438.0,2.1522,1.0,78,0,314.83,1.0,234.905,1.0,314.83,1.0,24,0.0,0,0.4424,5.7
4011,10,mappo_on,45,405,699.078,711.5,1297.1,1.9706,1.0,297,0,810.378,1.0,686.711,1.0,810.378,1.0,33,0.0,0,0.4091,8.1
4029,50,mappo_on,225,225,311.573,300.5,540.7,2.0285,1.0,125,0,335.164,1.0,287.982,1.0,335.164,1.0,73,0.0,0,0.3907,9.0
4027,10,mappo_on,45,405,607.913,514.0,1314.8,2.7126,1.0,244,0,781.778,1.0,588.595,1.0,781.778,1.0,32,0.0,0,0.5714,5.8
4024,50,mappo_on,225,225,653.207,603.0,1235.2,2.1095,1.0,274,0,629.516,1.0,676.898,1.0,629.516,1.0,132,0.0,0,0.5031,15.2
4029,100,mappo_on,450,0,302.327,288.0,589.0,2.1686,1.0,120,0,302.327,1.0,,,302.327,1.0,121,0.0,0,0.273,10.6
4019,75,mappo_on,338,112,311.902,291.0,558.0,2.221,1.0,127,0,321.127,1.0,284.062,1.0,321.127,1.0,101,0.0,0,0.4153,8.4
4028,10,dijkstra,45,405,655.0,601.0,1251.2,2.3022,1.0,287,0,685.933,1.0,651.563,1.0,685.933,1.0,30,0.0,0,,3.2
4025,100,mappo_off,450,0,548.584,540.0,995.3,1.9844,1.0,227,0,548.584,1.0,,,548.584,1.0,227,0.0,0,0.245,18.2
4013,25,mappo_on,112,338,561.64,503.5,1134.2,2.3893,1.0,245,0,634.438,1.0,537.518,1.0,634.438,1.0,67,0.0,0,0.4528,8.7
4019,25,mappo_off,112,338,340.431,318.5,645.7,2.2229,1.0,155,0,408.75,1.0,317.793,1.0,408.75,1.0,51,0.0,0,0.4965,5.1
4015,50,mappo_off,225,225,822.393,862.0,1339.2,1.6193,1.0,368,0,865.684,1.0,779.102,1.0,865.684,1.0,186,0.0,0,0.4972,15.8
4028,25,mappo_on,112,338,655.798,591.0,1289.2,2.3151,1.0,282,0,704.804,1.0,639.559,1.0,704.804,1.0,73,0.0,0,0.4492,8.8
4012,50,mappo_on,225,225,1391.16,1588.0,2200.0,1.4172,1.0,386,0,1498.573,1.0,1283.747,1.0,1498.578,1.0,188,0.0,0,0.5693,27.5
4014,50,dijkstra,225,225,331.096,338.5,546.0,1.6898,1.0,130,0,329.151,1.0,333.04,1.0,329.151,1.0,66,0.0,0,,3.2
4018,25,dijkstra,112,338,367.793,216.0,905.8,4.5905,1.0,170,0,403.741,1.0,355.882,1.0,403.741,1.0,46,0.0,0,,2.8
4021,25,dijkstra,112,338,510.369,478.5,1045.0,2.3984,1.0,232,0,480.982,1.0,520.107,1.0,480.982,1.0,52,0.0,0,,3.4
4021,100,mappo_off,450,0,399.976,377.5,791.1,2.218,1.0,164,0,399.976,1.0,,,399.976,1.0,165,0.0,0,0.3783,15.1
4015,50,dijkstra,225,225,560.213,517.5,1090.2,2.2756,1.0,267,0,578.529,1.0,541.898,1.0,578.529,1.0,128,0.0,0,,6.3
4025,100,mappo_on,450,0,554.353,550.0,1008.4,1.9337,1.0,221,0,554.353,1.0,,,554.353,1.0,222,0.0,0,0.228,17.0
4016,25,mappo_off,112,338,199.629,184.5,347.1,2.0602,1.0,42,0,247.402,1.0,183.799,1.0,247.402,1.0,22,0.0,0,0.3849,3.7
4015,50,mappo_on,225,225,817.96,858.5,1339.3,1.6169,1.0,363,0,853.209,1.0,782.711,1.0,853.209,1.0,183,0.0,0,0.4382,15.7
4016,10,dijkstra,45,405,203.176,203.0,343.2,1.8401,1.0,31,0,221.756,1.0,201.111,1.0,221.756,1.0,4,0.0,0,,1.5
4018,10,mappo_off,45,405,362.12,228.0,893.1,4.1042,1.0,172,0,379.044,1.0,360.24,1.0,379.044,1.0,17,0.0,0,0.4052,3.5
4017,75,mappo_on,338,112,363.622,349.5,706.3,2.2232,1.0,152,0,355.056,1.0,389.473,1.0,355.056,1.0,103,0.0,0,0.4397,10.7
4016,75,dijkstra,338,112,218.258,223.0,370.2,1.7926,1.0,52,0,222.899,1.0,204.25,1.0,222.899,1.0,45,0.0,0,,3.9
4026,10,mappo_off,45,405,500.462,458.5,1036.6,2.4146,1.0,229,0,408.111,1.0,510.723,1.0,408.111,1.0,16,0.0,0,0.5514,4.6
4014,75,mappo_off,338,112,295.316,276.0,553.1,2.2777,1.0,97,0,309.956,1.0,251.134,1.0,309.956,1.0,86,0.0,0,0.4847,9.0
4024,25,mappo_off,112,338,673.682,619.5,1272.1,2.1203,1.0,283,0,645.312,1.0,683.083,1.0,645.312,1.0,73,0.0,0,0.5527,9.0
4028,100,dijkstra,450,0,1109.004,1112.5,1841.1,1.7444,1.0,381,0,1109.004,1.0,,,1109.011,1.0,381,0.0,0,,13.1
4010,10,mappo_off,45,405,1469.189,1732.5,2315.3,1.3948,1.0,371,0,1347.067,1.0,1482.758,1.0,1347.067,1.0,35,0.0,0,0.5126,10.0
4027,25,mappo_on,112,338,645.478,576.0,1335.6,2.4224,1.0,259,0,751.741,1.0,610.266,1.0,751.741,1.0,80,0.0,0,0.5545,9.2
4011,10,mappo_off,45,405,699.078,711.5,1297.1,1.9706,1.0,297,0,810.378,1.0,686.711,1.0,810.378,1.0,33,0.0,0,0.4091,6.3
4015,100,dijkstra,450,0,570.998,557.0,1063.8,2.0175,1.0,257,0,570.998,1.0,,,570.998,1.0,258,0.0,0,,9.7
4012,10,mappo_on,45,405,1504.953,1755.5,2412.3,1.41,1.0,389,0,1859.511,1.0,1465.558,1.0,1859.511,1.0,41,0.0,0,0.5692,10.4
4017,50,mappo_off,225,225,406.889,368.0,827.1,2.3397,1.0,183,0,365.484,1.0,448.293,1.0,365.484,1.0,73,0.0,0,0.4393,8.7
4026,10,dijkstra,45,405,526.027,462.0,1102.1,2.4992,1.0,233,0,427.489,1.0,536.975,1.0,427.489,1.0,16,0.0,0,,2.8
4017,25,mappo_on,112,338,445.589,403.0,868.4,2.3438,1.0,208,0,365.848,1.0,472.012,1.0,365.848,1.0,48,0.0,0,0.4826,5.3
4021,75,dijkstra,338,112,489.487,392.0,1014.0,2.8486,1.0,221,0,476.219,1.0,529.527,1.0,476.219,1.0,158,0.0,0,,6.0
4019,25,dijkstra,112,338,310.631,263.0,630.3,2.6188,1.0,141,0,298.866,1.0,314.53,1.0,298.866,1.0,34,0.0,0,,2.3
4017,10,mappo_on,45,405,487.767,424.5,1035.0,2.5196,1.0,235,0,398.8,1.0,497.652,1.0,398.8,1.0,23,0.0,0,0.495,4.2
4024,100,mappo_on,450,0,638.02,617.5,1150.4,1.9806,1.0,261,0,638.02,1.0,,,638.02,1.0,262,0.0,0,0.445,20.8
4023,10,mappo_off,45,405,588.7,561.0,1114.0,2.1512,1.0,278,0,761.2,1.0,569.533,1.0,761.2,1.0,34,0.0,0,0.5614,5.8
4017,100,mappo_off,450,0,340.382,302.0,632.1,2.345,1.0,130,0,340.382,1.0,,,340.382,1.0,131,0.0,0,0.4388,11.7
4028,75,mappo_off,338,112,682.88,644.0,1309.4,2.1484,1.0,273,0,690.991,1.0,658.402,1.0,690.991,1.0,207,0.0,0,0.4454,18.7
4022,10,mappo_on,45,405,566.084,524.0,1080.9,2.2759,1.0,258,0,535.089,1.0,569.528,1.0,535.089,1.0,24,0.0,0,0.5045,4.5
4027,50,mappo_off,225,225,717.471,630.5,1443.6,2.4166,1.0,271,0,795.169,1.0,639.773,1.0,795.169,1.0,149,0.0,0,0.563,15.2
4011,100,dijkstra,450,0,807.778,799.5,1430.8,1.8894,1.0,310,0,807.778,1.0,,,807.778,1.0,310,0.0,0,,10.4
4029,75,dijkstra,338,112,302.153,296.0,519.2,1.8465,1.0,112,0,304.189,1.0,296.009,1.0,304.189,1.0,83,0.0,0,,4.1
4023,25,dijkstra,112,338,563.324,535.5,1162.2,2.234,1.0,256,0,550.598,1.0,567.541,1.0,550.598,1.0,61,0.0,0,,2.5
4022,10,dijkstra,45,405,557.189,498.5,1061.4,2.417,1.0,246,0,556.933,1.0,557.217,1.0,556.933,1.0,21,0.0,0,,2.3
4011,25,mappo_on,112,338,679.607,656.0,1272.3,2.1174,1.0,282,0,743.17,1.0,658.544,1.0,743.17,1.0,68,0.0,0,0.3757,9.3
4018,100,dijkstra,450,0,379.456,239.0,914.1,4.072,1.0,167,0,379.456,1.0,,,379.456,1.0,167,0.0,0,,5.0
4013,10,dijkstra,45,405,574.956,559.5,1162.5,2.1887,1.0,257,0,553.0,1.0,577.395,1.0,553.0,1.0,22,0.0,0,,2.7
4023,50,mappo_off,225,225,547.871,488.0,1016.1,2.318,1.0,247,0,611.076,1.0,484.667,1.0,611.076,1.0,134,0.0,0,0.5365,13.2
4024,100,mappo_off,450,0,640.7,587.0,1177.2,2.115,1.0,266,0,640.7,1.0,,,640.7,1.0,267,0.0,0,0.5175,19.6
4018,10,mappo_on,45,405,362.12,228.0,893.1,4.1042,1.0,172,0,379.044,1.0,360.24,1.0,379.044,1.0,17,0.0,0,0.4052,3.5
4024,50,dijkstra,225,225,739.007,706.5,1414.3,2.0849,1.0,289,0,757.471,1.0,720.542,1.0,757.471,1.0,149,0.0,0,,7.3
4016,10,mappo_on,45,405,201.144,185.5,347.0,2.0358,1.0,40,0,273.6,1.0,193.094,1.0,273.6,1.0,10,0.0,0,0.4712,2.3
4029,10,dijkstra,45,405,314.576,303.0,551.3,1.8962,1.0,126,0,311.956,1.0,314.867,1.0,311.956,1.0,15,0.0,0,,1.8
4014,10,mappo_on,45,405,324.189,344.0,545.1,1.6385,1.0,122,0,337.044,1.0,322.76,1.0,337.044,1.0,18,0.0,0,0.5847,3.3
4012,100,mappo_on,450,0,1031.424,1100.5,1698.1,1.6011,1.0,364,0,1031.424,1.0,,,1031.427,1.0,364,0.0,0,0.4893,32.7
4029,25,mappo_on,112,338,320.313,329.0,546.2,1.7903,1.0,132,0,358.58,1.0,307.633,1.0,358.58,1.0,43,0.0,0,0.3737,5.0
4019,75,mappo_off,338,112,325.967,308.5,616.2,2.1159,1.0,138,0,342.751,1.0,275.312,1.0,342.751,1.0,116,0.0,0,0.4334,9.1
4012,100,dijkstra,450,0,663.998,642.0,1209.3,2.018,1.0,293,0,663.998,1.0,,,663.998,1.0,293,0.0,0,,7.2
4024,75,mappo_off,338,112,639.698,612.0,1167.8,2.0385,1.0,272,0,645.817,1.0,621.232,1.0,645.817,1.0,203,0.0,0,0.5241,16.7
4014,50,mappo_off,225,225,283.949,275.0,510.0,2.0969,1.0,96,0,315.44,1.0,252.458,1.0,315.44,1.0,66,0.0,0,0.5287,6.7
4026,50,mappo_off,225,225,439.007,410.5,856.4,2.1998,1.0,201,0,461.698,1.0,416.316,1.0,461.698,1.0,111,0.0,0,0.466,10.4
4011,50,mappo_on,225,225,675.164,690.5,1265.2,1.9234,1.0,280,0,716.698,1.0,633.631,1.0,716.698,1.0,140,0.0,0,0.3599,14.2
4029,75,mappo_off,338,112,326.993,320.0,603.1,2.0125,1.0,136,0,350.21,1.0,256.929,1.0,350.21,1.0,115,0.0,0,0.3785,8.1
4020,100,dijkstra,450,0,242.744,226.0,409.2,1.969,1.0,72,0,242.744,1.0,,,242.744,1.0,72,0.0,0,,4.0
4018,10,dijkstra,45,405,353.009,222.0,852.4,4.1782,1.0,169,0,334.8,1.0,355.032,1.0,334.8,1.0,17,0.0,0,,1.5
4012,100,mappo_off,450,0,1129.858,1230.0,1762.1,1.4826,1.0,374,0,1129.858,1.0,,,1129.862,1.0,374,0.0,0,0.5492,35.8
4012,50,mappo_off,225,225,1472.947,1656.5,2231.9,1.4012,1.0,392,0,1578.213,1.0,1367.68,1.0,1578.213,1.0,188,0.0,0,0.5591,23.6
4010,10,mappo_on,45,405,1321.74,1617.5,2185.6,1.4009,1.0,366,0,1184.511,1.0,1336.988,1.0,1184.511,1.0,34,0.0,0,0.5116,8.3
4027,25,dijkstra,112,338,630.369,518.5,1406.1,2.9021,1.0,247,0,685.446,1.0,612.118,1.0,685.446,1.0,68,0.0,0,,4.0
4017,10,dijkstra,45,405,538.856,462.0,1121.1,2.624,1.0,248,0,578.822,1.0,534.415,1.0,578.822,1.0,29,0.0,0,,2.8
4014,75,mappo_on,338,112,301.847,287.0,563.4,2.2044,1.0,103,0,317.05,1.0,255.964,1.0,317.05,1.0,90,0.0,0,0.4798,8.4
4020,100,mappo_on,450,0,260.578,217.0,496.0,2.5401,1.0,85,0,260.578,1.0,,,260.578,1.0,85,0.0,0,0.3133,9.3
4028,10,mappo_on,45,405,658.484,587.0,1254.3,2.3716,1.0,286,0,714.733,1.0,652.235,1.0,714.733,1.0,32,0.0,0,0.3664,5.5
4028,75,mappo_on,338,112,718.402,700.5,1306.3,2.0134,1.0,285,0,737.204,1.0,661.661,1.0,737.204,1.0,218,0.0,0,0.4072,18.1
4023,75,mappo_on,338,112,562.267,525.5,1060.1,2.1505,1.0,257,0,595.003,1.0,463.473,1.0,595.003,1.0,203,0.0,0,0.4605,17.1
4010,75,mappo_on,338,112,1281.831,1299.5,2072.1,1.6427,1.0,361,0,1334.121,1.0,1124.027,1.0,1334.124,1.0,274,0.0,0,0.4888,29.6
4023,25,mappo_on,112,338,549.953,481.5,1105.2,2.4486,1.0,249,0,647.75,1.0,517.547,1.0,647.75,1.0,67,0.0,0,0.5399,8.6
4027,100,mappo_off,450,0,640.036,651.0,1208.2,2.0578,1.0,265,0,640.036,1.0,,,640.036,1.0,265,0.0,0,0.5099,20.3
4022,100,mappo_on,450,0,546.853,509.0,1019.1,2.2004,1.0,239,0,546.853,1.0,,,546.853,1.0,239,0.0,0,0.4839,16.7
4015,10,dijkstra,45,405,573.018,535.0,1119.4,2.2691,1.0,274,0,622.778,1.0,567.489,1.0,622.778,1.0,27,0.0,0,,3.5
4024,75,dijkstra,338,112,743.636,709.0,1405.2,2.0826,1.0,293,0,756.911,1.0,703.571,1.0,756.911,1.0,222,0.0,0,,9.0
4028,100,mappo_on,450,0,702.138,669.0,1277.1,2.084,1.0,270,0,702.138,1.0,,,702.138,1.0,271,0.0,0,0.3581,22.1
4029,25,mappo_off,112,338,323.767,331.5,551.3,1.7771,1.0,127,0,342.705,1.0,317.491,1.0,342.705,1.0,38,0.0,0,0.3808,4.5
4016,50,dijkstra,225,225,215.216,203.5,385.1,1.971,1.0,44,0,222.973,1.0,207.458,1.0,222.973,1.0,25,0.0,0,,3.1
4013,25,dijkstra,112,338,582.742,567.0,1154.2,2.2338,1.0,258,0,598.562,1.0,577.5,1.0,598.562,1.0,63,0.0,0,,3.1
4027,50,mappo_on,225,225,729.049,747.0,1435.1,2.0282,1.0,283,0,835.929,1.0,622.169,1.0,835.929,1.0,160,0.0,0,0.5514,15.5
4016,10,mappo_off,45,405,201.593,185.0,348.1,2.003,1.0,41,0,276.267,1.0,193.296,1.0,276.267,1.0,10,0.0,0,0.5,2.4
4024,75,mappo_on,338,112,643.88,633.5,1160.1,1.9495,1.0,265,0,639.689,1.0,656.527,1.0,639.689,1.0,202,0.0,0,0.4965,16.9
4021,100,mappo_on,450,0,409.98,388.0,779.2,2.1598,1.0,176,0,409.98,1.0,,,409.98,1.0,176,0.0,0,0.3517,16.0
4015,100,mappo_off,450,0,544.24,527.5,1015.3,2.0743,1.0,256,0,544.24,1.0,,,544.24,1.0,256,0.0,0,0.3759,17.4
4022,100,mappo_off,450,0,533.364,523.5,979.1,2.0634,1.0,231,0,533.364,1.0,,,533.364,1.0,232,0.0,0,0.4982,17.1
4022,75,mappo_on,338,112,544.229,510.0,1017.9,2.1863,1.0,243,0,543.743,1.0,545.696,1.0,543.743,1.0,178,0.0,0,0.508,13.8
4011,10,dijkstra,45,405,711.984,681.5,1351.7,2.1734,1.0,290,0,769.4,1.0,705.605,1.0,769.4,1.0,26,0.0,0,,3.9
4014,10,mappo_off,45,405,300.116,293.0,513.0,1.8585,1.0,105,0,317.689,1.0,298.163,1.0,317.689,1.0,16,0.0,0,0.6504,3.0
4018,100,mappo_off,450,0,297.684,269.0,567.1,2.2701,1.0,121,0,297.684,1.0,,,297.684,1.0,122,0.0,0,0.3595,10.3
4028,75,dijkstra,338,112,695.369,641.5,1310.1,2.2262,1.0,280,0,724.157,1.0,608.491,1.0,724.157,1.0,210,0.0,0,,10.0
4029,10,mappo_on,45,405,270.207,265.0,461.0,1.9245,1.0,85,0,281.733,1.0,268.926,1.0,281.733,1.0,11,0.0,0,0.3901,2.7
4023,50,mappo_on,225,225,550.087,493.5,1063.0,2.2625,1.0,250,0,605.911,1.0,494.262,1.0,605.911,1.0,131,0.0,0,0.5205,12.8
4011,100,mappo_off,450,0,706.473,717.0,1267.4,1.8969,1.0,282,0,706.473,1.0,,,706.473,1.0,282,0.0,0,0.2727,22.9
4015,25,mappo_on,112,338,552.151,518.0,1033.3,2.1094,1.0,271,0,582.152,1.0,542.21,1.0,582.152,1.0,68,0.0,0,0.4572,6.9
4014,50,mappo_on,225,225,299.338,303.0,532.5,1.9358,1.0,98,0,319.307,1.0,279.369,1.0,319.307,1.0,62,0.0,0,0.522,6.7
4029,25,dijkstra,112,338,332.069,329.0,568.0,1.8071,1.0,132,0,318.446,1.0,336.583,1.0,318.446,1.0,32,0.0,0,,2.6
4023,50,dijkstra,225,225,570.678,525.0,1165.2,2.3145,1.0,253,0,564.204,1.0,577.151,1.0,564.204,1.0,121,0.0,0,,4.5
4022,75,dijkstra,338,112,583.164,525.5,1103.1,2.2828,1.0,248,0,582.769,1.0,584.357,1.0,582.769,1.0,183,0.0,0,,5.6
4026,25,dijkstra,112,338,528.0,486.0,1095.4,2.422,1.0,238,0,522.25,1.0,529.905,1.0,522.25,1.0,60,0.0,0,,3.8
4013,10,mappo_off,45,405,550.709,536.5,1118.1,2.1673,1.0,257,0,640.867,1.0,540.691,1.0,640.867,1.0,26,0.0,0,0.5161,5.4
4017,50,dijkstra,225,225,545.064,473.0,1133.0,2.4863,1.0,252,0,546.871,1.0,543.258,1.0,546.871,1.0,121,0.0,0,,5.2
4025,10,mappo_on,45,405,602.307,552.5,1197.0,2.3198,1.0,226,0,639.356,1.0,598.19,1.0,639.356,1.0,21,0.0,0,0.3333,4.9
4022,75,mappo_off,338,112,549.189,510.5,1037.4,2.1982,1.0,245,0,546.704,1.0,556.688,1.0,546.704,1.0,180,0.0,0,0.5263,14.2
4026,75,dijkstra,338,112,549.031,511.5,1125.2,2.2974,1.0,240,0,559.112,1.0,518.607,1.0,559.112,1.0,182,0.0,0,,7.2
4020,75,mappo_on,338,112,257.676,228.5,466.6,2.2912,1.0,85,0,275.462,1.0,204.0,1.0,275.462,1.0,73,0.0,0,0.3521,8.2
4022,50,mappo_off,225,225,548.46,536.5,1052.0,2.0983,1.0,247,0,526.404,1.0,570.516,1.0,526.404,1.0,113,0.0,0,0.5393,10.6
4018,25,mappo_off,112,338,318.453,222.5,735.4,3.524,1.0,145,0,383.929,1.0,296.757,1.0,383.929,1.0,45,0.0,0,0.4222,5.5
4024,10,mappo_off,45,405,686.638,616.0,1332.3,2.2695,1.0,276,0,573.067,1.0,699.257,1.0,573.067,1.0,22,0.0,0,0.4766,5.9
4022,25,mappo_off,112,338,546.309,513.0,1072.4,2.2486,1.0,249,0,537.375,1.0,549.269,1.0,537.375,1.0,57,0.0,0,0.5797,7.3
4027,75,mappo_off,338,112,757.113,758.0,1468.1,2.0523,1.0,285,0,816.905,1.0,576.67,1.0,816.905,1.0,228,0.0,0,0.5616,20.3
4021,10,mappo_on,45,405,463.598,389.0,990.3,2.7072,1.0,210,0,394.778,1.0,471.244,1.0,394.778,1.0,21,0.0,0,0.5514,4.2
4023,75,mappo_off,338,112,578.522,506.5,1113.2,2.3536,1.0,256,0,619.95,1.0,453.5,1.0,619.95,1.0,203,0.0,0,0.509,18.4
4023,10,dijkstra,45,405,573.071,522.5,1171.7,2.3762,1.0,267,0,633.711,1.0,566.333,1.0,633.711,1.0,26,0.0,0,,2.6
4015,75,mappo_on,338,112,803.38,849.5,1308.2,1.6295,1.0,368,0,810.722,1.0,781.223,1.0,810.722,1.0,278,0.0,0,0.4254,20.1
4016,50,mappo_on,225,225,205.633,199.5,365.0,1.9699,1.0,42,0,235.342,1.0,175.924,1.0,235.342,1.0,31,0.0,0,0.3177,5.8
4013,75,mappo_off,338,112,568.438,571.5,1055.0,2.0126,1.0,250,0,584.003,1.0,521.464,1.0,584.003,1.0,184,0.0,0,0.4178,17.7
4013,50,mappo_on,225,225,588.369,570.0,1131.5,2.1053,1.0,262,0,622.516,1.0,554.222,1.0,622.516,1.0,133,0.0,0,0.4354,14.5
4012,25,dijkstra,112,338,1268.433,1457.5,1994.1,1.4161,1.0,392,0,1331.607,1.0,1247.5,1.0,1331.643,1.0,96,0.0,0,,5.6
4029,100,mappo_off,450,0,295.973,247.0,596.3,2.6099,1.0,102,0,295.973,1.0,,,295.973,1.0,102,0.0,0,0.3119,11.8
4021,25,mappo_off,112,338,442.567,370.0,921.0,2.5991,1.0,187,0,439.384,1.0,443.621,1.0,439.384,1.0,44,0.0,0,0.4843,7.5
4019,25,mappo_on,112,338,336.367,302.5,626.2,2.3357,1.0,150,0,415.214,1.0,310.24,1.0,415.214,1.0,53,0.0,0,0.4889,5.5
4021,10,dijkstra,45,405,486.16,419.0,1026.1,2.6796,1.0,210,0,408.822,1.0,494.753,1.0,408.822,1.0,13,0.0,0,,2.8
4010,50,dijkstra,225,225,917.289,962.0,1576.2,1.7257,1.0,344,0,921.978,1.0,912.6,1.0,921.978,1.0,166,0.0,0,,8.3
4011,50,dijkstra,225,225,716.733,720.0,1376.4,2.0125,1.0,275,0,720.702,1.0,712.764,1.0,720.702,1.0,135,0.0,0,,7.9
4024,100,dijkstra,450,0,758.313,729.0,1409.8,2.0497,1.0,290,0,758.313,1.0,,,758.313,1.0,290,0.0,0,,12.5
4010,25,mappo_off,112,338,1401.704,1493.5,2075.2,1.434,1.0,411,0,1366.152,1.0,1413.485,1.0,1366.152,1.0,98,0.0,0,0.4421,16.6
4025,75,dijkstra,338,112,612.858,588.0,1188.2,2.2033,1.0,226,0,618.612,1.0,595.491,1.0,618.612,1.0,172,0.0,0,,11.2
4011,25,dijkstra,112,338,694.78,696.0,1308.3,2.0367,1.0,278,0,669.777,1.0,703.065,1.0,669.777,1.0,62,0.0,0,,5.3
4013,10,mappo_on,45,405,554.84,524.0,1148.1,2.2644,1.0,252,0,634.356,1.0,546.005,1.0,634.356,1.0,26,0.0,0,0.5203,5.4
4016,50,mappo_off,225,225,203.102,197.0,364.0,2.0383,1.0,43,0,233.329,1.0,172.876,1.0,233.329,1.0,34,0.0,0,0.3464,5.4
4019,100,mappo_off,450,0,332.536,302.5,627.1,2.2468,1.0,149,0,332.536,1.0,,,332.536,1.0,150,0.0,0,0.4029,11.0
4017,50,mappo_on,225,225,411.133,381.0,849.2,2.3033,1.0,191,0,371.893,1.0,450.373,1.0,371.893,1.0,77,0.0,0,0.4444,8.3
4014,100,dijkstra,450,0,270.133,259.0,470.2,1.9931,1.0,81,0,270.133,1.0,,,270.133,1.0,81,0.0,0,,4.6
4014,25,mappo_off,112,338,295.682,302.0,502.1,1.7586,1.0,97,0,321.652,1.0,287.077,1.0,321.652,1.0,33,0.0,0,0.6037,4.6
4028,50,mappo_off,225,225,687.073,649.5,1290.0,2.1264,1.0,284,0,719.671,1.0,654.476,1.0,719.671,1.0,144,0.0,0,0.4562,13.3
4024,25,dijkstra,112,338,715.704,669.0,1375.3,2.1961,1.0,282,0,726.554,1.0,712.109,1.0,726.554,1.0,73,0.0,0,,5.1
4028,10,mappo_off,45,405,727.482,658.5,1353.5,2.2013,1.0,312,0,792.156,1.0,720.296,1.0,792.156,1.0,33,0.0,0,0.45,5.8
4021,75,mappo_on,338,112,408.529,352.0,829.0,2.4918,1.0,180,0,397.503,1.0,441.804,1.0,397.503,1.0,126,0.0,0,0.3687,12.4
4010,75,mappo_off,338,112,1054.887,1120.5,1685.1,1.5677,1.0,373,0,1083.935,1.0,967.223,1.0,1083.938,1.0,274,0.0,0,0.488,22.4
4026,100,mappo_off,450,0,440.118,420.5,850.1,2.1337,1.0,191,0,440.118,1.0,,,440.118,1.0,193,0.0,0,0.4017,16.3
4025,50,mappo_on,225,225,560.762,544.0,1024.4,2.0102,1.0,221,0,546.031,1.0,575.493,1.0,546.031,1.0,99,0.0,0,0.2834,9.9
4023,100,mappo_off,450,0,552.722,513.5,1037.5,2.2176,1.0,252,0,552.722,1.0,,,552.722,1.0,253,0.0,0,0.4421,20.6
4011,100,mappo_on,450,0,686.607,705.0,1255.4,1.8689,1.0,272,0,686.607,1.0,,,686.607,1.0,272,0.0,0,0.306,22.0
4022,50,mappo_on,225,225,544.736,513.0,1032.1,2.1854,1.0,246,0,534.68,1.0,554.791,1.0,534.68,1.0,114,0.0,0,0.5346,10.2
4010,25,mappo_on,112,338,1657.744,1838.0,2416.0,1.3662,1.0,413,0,1665.438,1.0,1655.195,1.0,1665.446,1.0,99,0.0,0,0.4785,16.5
4027,25,mappo_off,112,338,671.911,581.5,1376.1,2.5065,1.0,258,0,793.509,1.0,631.618,1.0,793.509,1.0,80,0.0,0,0.5815,10.3
4016,25,mappo_on,112,338,200.051,185.0,347.1,2.0432,1.0,43,0,248.652,1.0,183.947,1.0,248.652,1.0,23,0.0,0,0.3655,3.4
4029,50,mappo_off,225,225,301.387,277.5,556.0,2.2126,1.0,109,0,325.236,1.0,277.538,1.0,325.236,1.0,63,0.0,0,0.3879,7.2
4021,10,mappo_off,45,405,464.613,396.5,990.1,2.6675,1.0,207,0,400.289,1.0,471.76,1.0,400.289,1.0,20,0.0,0,0.5472,3.7
4018,75,dijkstra,338,112,380.549,245.0,921.4,3.9818,1.0,168,0,372.95,1.0,403.482,1.0,372.95,1.0,117,0.0,0,,4.2
4020,10,mappo_on,45,405,238.451,214.0,425.0,2.1334,1.0,63,0,345.133,1.0,226.598,1.0,345.133,1.0,10,0.0,0,0.4841,2.8
4012,10,mappo_off,45,405,1504.953,1755.5,2412.3,1.41,1.0,389,0,1859.511,1.0,1465.558,1.0,1859.511,1.0,41,0.0,0,0.5692,10.2
4011,75,dijkstra,338,112,708.091,703.5,1363.1,2.0117,1.0,286,0,716.852,1.0,681.652,1.0,716.852,1.0,214,0.0,0,,9.1
4014,25,dijkstra,112,338,285.609,273.5,492.1,1.8537,1.0,97,0,287.929,1.0,284.84,1.0,287.929,1.0,26,0.0,0,,2.4
4028,25,dijkstra,112,338,703.047,626.0,1393.7,2.3942,1.0,288,0,742.455,1.0,689.988,1.0,742.455,1.0,70,0.0,0,,5.9
4022,100,dijkstra,450,0,581.113,533.0,1117.1,2.198,1.0,252,0,581.113,1.0,,,581.113,1.0,254,0.0,0,,7.1
4017,25,mappo_off,112,338,454.533,394.5,922.2,2.5331,1.0,207,0,381.107,1.0,478.864,1.0,381.107,1.0,45,0.0,0,0.4957,6.5
4023,75,dijkstra,338,112,628.002,555.5,1200.2,2.3368,1.0,276,0,626.068,1.0,633.839,1.0,626.068,1.0,201,0.0,0,,5.9
4019,10,mappo_off,45,405,312.531,273.0,660.2,2.5775,1.0,146,0,414.067,1.0,301.249,1.0,414.067,1.0,18,0.0,0,0.5324,3.1
4015,75,mappo_off,338,112,559.784,529.0,1011.0,2.0554,1.0,273,0,581.349,1.0,494.705,1.0,581.349,1.0,206,0.0,0,0.4142,15.3
4028,50,mappo_on,225,225,672.387,611.5,1279.2,2.2047,1.0,284,0,713.991,1.0,630.782,1.0,713.991,1.0,141,0.0,0,0.4129,13.4
4017,100,mappo_on,450,0,357.624,322.0,682.3,2.3602,1.0,152,0,357.624,1.0,,,357.624,1.0,152,0.0,0,0.4103,12.7
4022,10,mappo_off,45,405,566.084,524.0,1080.9,2.2759,1.0,258,0,535.089,1.0,569.528,1.0,535.089,1.0,24,0.0,0,0.5045,4.2
4016,100,mappo_on,450,0,223.967,210.5,409.0,2.1451,1.0,57,0,223.967,1.0,,,223.967,1.0,58,0.0,0,0.2759,8.4
4021,100,dijkstra,450,0,515.407,490.5,1059.3,2.3173,1.0,228,0,515.407,1.0,,,515.407,1.0,228,0.0,0,,8.1
4014,100,mappo_on,450,0,308.204,294.5,567.1,2.1177,1.0,120,0,308.204,1.0,,,308.204,1.0,120,0.0,0,0.4156,10.6
4025,25,mappo_off,112,338,582.22,568.0,1108.1,2.0933,1.0,230,0,566.321,1.0,587.488,1.0,566.321,1.0,52,0.0,0,0.3204,7.4
4026,25,mappo_off,112,338,463.198,413.0,948.2,2.4019,1.0,203,0,452.634,1.0,466.698,1.0,452.634,1.0,46,0.0,0,0.5457,6.7
4025,75,mappo_on,338,112,554.242,565.5,1011.7,1.9241,1.0,213,0,561.935,1.0,531.027,1.0,561.935,1.0,157,0.0,0,0.253,12.7
4012,50,dijkstra,225,225,573.249,534.5,1081.4,2.1927,1.0,262,0,548.973,1.0,597.524,1.0,548.973,1.0,117,0.0,0,,4.3
4023,10,mappo_on,45,405,588.66,561.0,1114.0,2.152,1.0,278,0,760.8,1.0,569.533,1.0,760.8,1.0,34,0.0,0,0.5439,5.5
4013,100,mappo_on,450,0,585.136,599.0,1102.2,1.9609,1.0,263,0,585.136,1.0,,,585.136,1.0,264,0.0,0,0.3699,20.5
4014,75,dijkstra,338,112,312.433,324.0,531.0,1.7208,1.0,107,0,306.784,1.0,329.482,1.0,306.784,1.0,85,0.0,0,,3.9
4010,75,dijkstra,338,112,1667.631,1920.5,2459.1,1.3268,1.0,382,0,1668.873,1.0,1663.884,1.0,1668.876,1.0,282,0.0,0,,12.8
4018,25,mappo_on,112,338,321.329,223.5,739.2,3.5391,1.0,148,0,380.955,1.0,301.571,1.0,380.955,1.0,45,0.0,0,0.3844,4.9
4027,100,mappo_on,450,0,648.973,658.5,1274.1,2.0396,1.0,273,0,648.973,1.0,,,648.973,1.0,273,0.0,0,0.4989,20.8
4021,50,dijkstra,225,225,495.324,427.5,1025.4,2.6229,1.0,220,0,475.262,1.0,515.387,1.0,475.262,1.0,103,0.0,0,,4.3
4020,75,dijkstra,338,112,235.673,211.5,400.1,1.9626,1.0,65,0,235.917,1.0,234.938,1.0,235.917,1.0,48,0.0,0,,3.2
4011,25,mappo_off,112,338,693.44,686.5,1341.0,2.035,1.0,287,0,749.143,1.0,674.982,1.0,749.143,1.0,68,0.0,0,0.3912,9.6
4021,75,mappo_off,338,112,399.26,353.0,805.0,2.4479,1.0,168,0,392.293,1.0,420.286,1.0,392.293,1.0,120,0.0,0,0.3672,11.4
4020,10,dijkstra,45,405,230.229,213.0,394.2,1.9697,1.0,66,0,250.844,1.0,227.938,1.0,250.844,1.0,6,0.0,0,,1.5
4027,10,mappo_off,45,405,607.913,514.0,1314.8,2.7126,1.0,244,0,781.778,1.0,588.595,1.0,781.778,1.0,32,0.0,0,0.5714,5.7
4024,25,mappo_on,112,338,678.336,639.5,1254.0,2.0269,1.0,282,0,678.554,1.0,678.263,1.0,678.554,1.0,69,0.0,0,0.5385,8.5
4012,75,mappo_off,338,112,771.196,800.5,1358.5,1.7533,1.0,323,0,802.577,1.0,676.491,1.0,802.577,1.0,245,0.0,0,0.4965,20.6
4011,75,mappo_on,338,112,681.216,669.5,1261.4,1.9791,1.0,278,0,706.494,1.0,604.929,1.0,706.494,1.0,210,0.0,0,0.3217,18.0
4016,75,mappo_off,338,112,234.111,213.0,407.1,2.1183,1.0,66,0,246.947,1.0,195.375,1.0,246.947,1.0,61,0.0,0,0.3154,6.4
4028,50,dijkstra,225,225,652.291,591.0,1237.6,2.332,1.0,267,0,691.031,1.0,613.551,1.0,691.031,1.0,136,0.0,0,,7.6
4025,25,dijkstra,112,338,614.791,581.0,1219.3,2.2947,1.0,236,0,653.67,1.0,601.908,1.0,653.67,1.0,62,0.0,0,,6.0
4020,25,mappo_off,112,338,247.318,223.0,437.0,2.1374,1.0,71,0,307.071,1.0,227.518,1.0,307.071,1.0,22,0.0,0,0.4515,4.0
4020,25,dijkstra,112,338,265.364,262.5,428.0,1.6952,1.0,88,0,273.616,1.0,262.63,1.0,273.616,1.0,18,0.0,0,,2.1
4025,75,mappo_off,338,112,553.947,564.5,1018.2,1.9579,1.0,217,0,545.521,1.0,579.375,1.0,545.521,1.0,158,0.0,0,0.2744,13.3
4026,50,dijkstra,225,225,518.404,476.5,1053.0,2.3644,1.0,233,0,532.364,1.0,504.444,1.0,532.364,1.0,116,0.0,0,,5.4
4015,10,mappo_on,45,405,548.673,521.5,1052.3,2.1431,1.0,277,0,618.933,1.0,540.867,1.0,618.933,1.0,29,0.0,0,0.4737,5.6
4026,100,mappo_on,450,0,420.14,403.0,807.0,2.0819,1.0,184,0,420.14,1.0,,,420.14,1.0,184,0.0,0,0.3692,15.9
4010,50,mappo_off,225,225,919.864,1112.0,1662.1,1.5536,1.0,294,0,1096.938,1.0,742.791,1.0,1096.938,1.0,168,0.0,0,0.5043,18.9
4027,75,mappo_on,338,112,639.031,609.0,1247.4,2.2078,1.0,269,0,673.941,1.0,533.679,1.0,673.941,1.0,208,0.0,0,0.5233,17.6
4020,50,mappo_on,225,225,244.869,215.0,449.0,2.4377,1.0,62,0,282.418,1.0,207.32,1.0,282.418,1.0,40,0.0,0,0.3811,6.2
4019,50,dijkstra,225,225,345.2,324.5,717.6,2.4978,1.0,165,0,348.084,1.0,342.316,1.0,348.084,1.0,87,0.0,0,,3.5
4017,75,mappo_off,338,112,367.558,313.0,757.0,2.5388,1.0,156,0,353.757,1.0,409.205,1.0,353.757,1.0,101,0.0,0,0.4351,10.5
4024,10,mappo_on,45,405,686.638,616.0,1332.3,2.2695,1.0,276,0,573.067,1.0,699.257,1.0,573.067,1.0,22,0.0,0,0.4673,4.9
4022,25,dijkstra,112,338,566.491,510.0,1109.4,2.4004,1.0,249,0,571.482,1.0,564.837,1.0,571.482,1.0,59,0.0,0,,3.2
4029,75,mappo_on,338,112,282.873,269.0,543.2,2.1825,1.0,102,0,301.393,1.0,226.982,1.0,301.393,1.0,88,0.0,0,0.3124,8.8
4025,50,mappo_off,225,225,562.113,540.0,1037.0,2.0444,1.0,220,0,544.72,1.0,579.507,1.0,544.72,1.0,101,0.0,0,0.2876,10.4
4015,10,mappo_off,45,405,548.673,521.5,1052.3,2.1431,1.0,277,0,618.933,1.0,540.867,1.0,618.933,1.0,29,0.0,0,0.4737,4.6
4019,75,dijkstra,338,112,332.391,295.0,664.1,2.5137,1.0,140,0,335.038,1.0,324.402,1.0,335.038,1.0,107,0.0,0,,3.5
4019,50,mappo_off,225,225,318.164,289.5,586.2,2.2636,1.0,138,0,348.933,1.0,287.396,1.0,348.933,1.0,85,0.0,0,0.471,7.0
4012,10,dijkstra,45,405,985.284,1089.5,1688.0,1.5806,1.0,356,0,983.911,1.0,985.437,1.0,983.911,1.0,35,0.0,0,,3.8
4027,100,dijkstra,450,0,654.007,590.0,1359.5,2.5197,1.0,247,0,654.007,1.0,,,654.007,1.0,247,0.0,0,,7.6
4026,10,mappo_on,45,405,500.462,458.5,1036.6,2.4146,1.0,229,0,408.111,1.0,510.723,1.0,408.111,1.0,16,0.0,0,0.5514,4.4
4018,50,mappo_off,225,225,325.942,268.5,690.1,2.7598,1.0,140,0,339.342,1.0,312.542,1.0,339.342,1.0,76,0.0,0,0.3775,6.8
4025,10,mappo_off,45,405,602.307,552.5,1197.0,2.3198,1.0,226,0,639.356,1.0,598.19,1.0,639.356,1.0,21,0.0,0,0.3333,4.8
4015,25,mappo_off,112,338,773.933,809.5,1305.1,1.7106,1.0,358,0,806.982,1.0,762.982,1.0,806.982,1.0,89,0.0,0,0.4759,8.5
4029,100,dijkstra,450,0,293.918,282.0,493.1,1.8514,1.0,106,0,293.918,1.0,,,293.918,1.0,106,0.0,0,,5.0
4013,75,mappo_on,338,112,575.233,571.0,1086.1,2.0842,1.0,250,0,589.536,1.0,532.071,1.0,589.536,1.0,188,0.0,0,0.3976,16.6
4018,100,mappo_on,450,0,297.642,268.5,577.1,2.2942,1.0,117,0,297.642,1.0,,,297.642,1.0,119,0.0,0,0.3482,10.4
4015,75,dijkstra,338,112,852.816,854.0,1438.4,1.7666,1.0,369,0,872.166,1.0,794.42,1.0,872.166,1.0,281,0.0,0,,9.7
4017,100,dijkstra,450,0,570.727,532.5,1149.3,2.266,1.0,246,0,570.727,1.0,,,570.727,1.0,248,0.0,0,,8.4
4015,100,mappo_on,450,0,539.164,539.0,1006.3,2.0334,1.0,254,0,539.164,1.0,,,539.164,1.0,254,0.0,0,0.358,17.2
4019,50,mappo_on,225,225,325.436,298.0,590.0,2.1965,1.0,140,0,360.844,1.0,290.027,1.0,360.844,1.0,88,0.0,0,0.4519,6.9
4014,25,mappo_on,112,338,305.349,305.0,518.1,1.8448,1.0,103,0,328.643,1.0,297.63,1.0,328.643,1.0,33,0.0,0,0.5857,4.0
4026,100,dijkstra,450,0,554.024,522.0,1130.2,2.3001,1.0,240,0,554.024,1.0,,,554.024,1.0,240,0.0,0,,8.8
4012,75,dijkstra,338,112,1261.958,1430.5,1971.0,1.4258,1.0,399,0,1277.725,1.0,1214.375,1.0,1277.74,1.0,296,0.0,0,,8.8
4026,75,mappo_on,338,112,429.029,404.5,825.3,2.1909,1.0,195,0,435.669,1.0,408.991,1.0,435.669,1.0,148,0.0,0,0.4083,12.4
4011,75,mappo_off,338,112,696.48,664.5,1300.3,2.0426,1.0,286,0,713.272,1.0,645.804,1.0,713.272,1.0,215,0.0,0,0.3364,17.6
4021,25,mappo_on,112,338,447.02,370.0,919.2,2.7072,1.0,189,0,444.241,1.0,447.941,1.0,444.241,1.0,44,0.0,0,0.4808,6.2
4019,100,mappo_on,450,0,333.742,309.0,623.1,2.1772,1.0,144,0,333.742,1.0,,,333.742,1.0,144,0.0,0,0.3816,10.9
4018,50,mappo_on,225,225,319.536,256.5,672.7,2.846,1.0,142,0,335.116,1.0,303.956,1.0,335.116,1.0,75,0.0,0,0.3661,7.6
4027,10,dijkstra,45,405,641.956,549.0,1359.3,2.6943,1.0,258,0,876.444,1.0,615.901,1.0,876.444,1.0,34,0.0,0,,3.1
4012,25,mappo_off,112,338,657.938,611.5,1245.2,2.1128,1.0,308,0,838.795,1.0,598.009,1.0,838.795,1.0,88,0.0,0,0.5578,10.2
4010,10,dijkstra,45,405,859.033,824.0,1545.1,1.9867,1.0,320,0,815.0,1.0,863.926,1.0,815.0,1.0,29,0.0,0,,4.0
4025,100,dijkstra,450,0,637.076,605.5,1222.0,2.2455,1.0,238,0,637.076,1.0,,,637.076,1.0,239,0.0,0,,13.5
4019,10,mappo_on,45,405,297.96,251.0,617.1,2.6709,1.0,132,0,409.622,1.0,285.553,1.0,409.622,1.0,20,0.0,0,0.4773,3.7
4021,50,mappo_off,225,225,429.507,367.5,893.1,2.5227,1.0,202,0,422.604,1.0,436.409,1.0,422.604,1.0,94,0.0,0,0.4181,10.2
4023,100,dijkstra,450,0,586.211,535.0,1146.0,2.3225,1.0,257,0,586.211,1.0,,,586.211,1.0,257,0.0,0,,7.8
4023,100,mappo_on,450,0,558.536,524.0,1079.1,2.1342,1.0,256,0,558.536,1.0,,,558.536,1.0,258,0.0,0,0.4455,22.3
4013,25,mappo_off,112,338,556.573,536.0,1085.2,2.1281,1.0,253,0,616.696,1.0,536.651,1.0,616.696,1.0,69,0.0,0,0.4433,9.0
4029,50,dijkstra,225,225,305.518,292.0,521.0,1.8512,1.0,121,0,304.68,1.0,306.356,1.0,304.68,1.0,64,0.0,0,,3.4
4025,25,mappo_on,112,338,575.393,574.0,1072.1,2.0002,1.0,229,0,585.375,1.0,572.086,1.0,585.375,1.0,58,0.0,0,0.3254,7.3
4013,100,mappo_off,450,0,578.853,579.5,1090.0,2.0634,1.0,261,0,578.853,1.0,,,578.853,1.0,261,0.0,0,0.4102,21.5
4017,10,mappo_off,45,405,487.873,425.5,1025.1,2.5653,1.0,229,0,359.644,1.0,502.121,1.0,359.644,1.0,17,0.0,0,0.4946,4.6
4025,10,dijkstra,45,405,600.12,550.0,1187.6,2.4052,1.0,232,0,618.644,1.0,598.062,1.0,618.644,1.0,25,0.0,0,,4.4
4028,100,mappo_off,450,0,739.196,722.0,1289.2,1.9026,1.0,301,0,739.196,1.0,,,739.196,1.0,302,0.0,0,0.4202,24.4
4013,75,dijkstra,338,112,577.662,522.5,1170.6,2.3502,1.0,249,0,579.373,1.0,572.5,1.0,579.373,1.0,177,0.0,0,,6.5
4022,25,mappo_on,112,338,551.624,494.0,1086.4,2.3983,1.0,246,0,530.402,1.0,558.657,1.0,530.402,1.0,60,0.0,0,0.5691,7.3
4026,25,mappo_on,112,338,459.556,396.5,959.1,2.4982,1.0,199,0,447.054,1.0,463.698,1.0,447.054,1.0,46,0.0,0,0.5361,7.2
4010,50,mappo_on,225,225,899.587,922.5,1504.0,1.726,1.0,353,0,972.533,1.0,826.64,1.0,972.533,1.0,171,0.0,0,0.4577,16.6
4020,100,mappo_off,450,0,252.416,205.0,472.5,2.5695,1.0,83,0,252.416,1.0,,,252.416,1.0,83,0.0,0,0.3095,9.9
4012,25,mappo_on,112,338,1136.353,1229.5,1821.4,1.5856,1.0,378,0,1380.455,1.0,1055.467,1.0,1380.455,1.0,96,0.0,0,0.5733,15.8
4021,50,mappo_on,225,225,406.451,349.0,831.9,2.5275,1.0,184,0,395.209,1.0,417.693,1.0,395.209,1.0,85,0.0,0,0.4139,9.7
4029,10,mappo_off,45,405,270.207,265.0,461.0,1.9245,1.0,85,0,281.733,1.0,268.926,1.0,281.733,1.0,11,0.0,0,0.3901,3.2
4015,25,dijkstra,112,338,791.362,792.5,1378.8,1.8309,1.0,360,0,863.107,1.0,767.589,1.0,863.107,1.0,94,0.0,0,,5.4
4013,50,dijkstra,225,225,589.849,536.0,1190.8,2.3708,1.0,255,0,583.947,1.0,595.751,1.0,583.947,1.0,123,0.0,0,,4.6
4020,75,mappo_off,338,112,271.038,235.5,493.0,2.2977,1.0,92,0,289.447,1.0,215.482,1.0,289.447,1.0,79,0.0,0,0.3699,8.5
4019,100,dijkstra,450,0,341.731,314.5,709.6,2.4882,1.0,141,0,341.731,1.0,,,341.731,1.0,142,0.0,0,,4.8
4027,50,dijkstra,225,225,636.142,553.5,1380.1,2.6148,1.0,252,0,643.471,1.0,628.813,1.0,643.471,1.0,128,0.0,0,,4.6
4013,50,mappo_off,225,225,577.936,527.0,1123.4,2.2819,1.0,248,0,614.813,1.0,541.058,1.0,614.813,1.0,121,0.0,0,0.4052,13.6
4028,25,mappo_off,112,338,754.942,727.5,1396.2,2.0489,1.0,319,0,809.589,1.0,736.834,1.0,809.589,1.0,80,0.0,0,0.4375,9.3
4022,50,dijkstra,225,225,571.127,497.0,1122.2,2.4656,1.0,252,0,584.613,1.0,557.64,1.0,584.613,1.0,129,0.0,0,,4.5
4018,75,mappo_off,338,112,311.936,267.0,611.2,2.4605,1.0,131,0,315.027,1.0,302.607,1.0,315.027,1.0,98,0.0,0,0.3926,9.2
4024,10,dijkstra,45,405,705.851,642.5,1388.1,2.2703,1.0,283,0,655.644,1.0,711.43,1.0,655.644,1.0,27,0.0,0,,2.8
4017,75,dijkstra,338,112,557.451,514.5,1123.1,2.3237,1.0,254,0,567.479,1.0,527.188,1.0,567.479,1.0,189,0.0,0,,6.9
4019,10,dijkstra,45,405,304.22,268.5,643.1,2.622,1.0,139,0,317.644,1.0,302.728,1.0,317.644,1.0,15,0.0,0,,1.9
4020,50,mappo_off,225,225,246.469,211.5,447.3,2.3809,1.0,67,0,283.289,1.0,209.649,1.0,283.289,1.0,42,0.0,0,0.3985,5.9
4014,100,mappo_off,450,0,289.382,274.0,554.2,2.2578,1.0,97,0,289.382,1.0,,,289.382,1.0,98,0.0,0,0.4071,9.8
4026,50,mappo_on,225,225,444.631,417.0,883.0,2.247,1.0,210,0,466.969,1.0,422.293,1.0,466.969,1.0,111,0.0,0,0.4744,8.8
4027,75,dijkstra,338,112,649.96,571.0,1392.2,2.5853,1.0,255,0,661.003,1.0,616.634,1.0,661.003,1.0,196,0.0,0,,6.1
4023,25,mappo_off,112,338,549.362,496.0,1097.2,2.3096,1.0,246,0,658.464,1.0,513.21,1.0,658.464,1.0,67,0.0,0,0.5719,5.6
4026,75,mappo_off,338,112,430.196,399.5,828.4,2.198,1.0,203,0,440.979,1.0,397.652,1.0,440.979,1.0,161,0.0,0,0.4238,10.1
4024,50,mappo_off,225,225,653.56,616.5,1192.1,2.078,1.0,272,0,625.12,1.0,682.0,1.0,625.12,1.0,124,0.0,0,0.5299,7.9
4011,50,mappo_off,225,225,707.62,697.0,1328.1,1.9836,1.0,285,0,763.898,1.0,651.342,1.0,763.898,1.0,146,0.0,0,0.3822,10.0
4012,75,mappo_on,338,112,1323.86,1470.5,2098.6,1.4557,1.0,363,0,1362.254,1.0,1207.991,1.0,1362.26,1.0,269,0.0,0,0.5379,25.8
