checkpoint,seed,sample_idx,avg_travel_time,p50_travel_time,p90_travel_time,completion_rate,route_choice_nonzero_rate,baseline_avg_travel_time,baseline_p90_travel_time,greedy_ep74_avg_travel_time,greedy_ep74_p90_travel_time
ep74_best,6000,0,402.5,374.5,789.7000000000002,1.0,0.4454775993237532,536.0933333333334,1082.7000000000003,396.64,750.3000000000001
ep74_best,6000,1,403.43111111111114,373.0,783.2,1.0,0.44921552436003304,536.0933333333334,1082.7000000000003,396.64,750.3000000000001
ep74_best,6000,2,394.0133333333333,365.0,764.1,1.0,0.4343185550082102,536.0933333333334,1082.7000000000003,396.64,750.3000000000001
ep74_best,6001,0,1109.4066666666668,1327.5,1879.5,1.0,0.5179386823222439,1398.0511111111111,2093.5,684.9733333333334,1211.2
ep74_best,6001,1,668.5644444444445,645.0,1199.2,1.0,0.508359133126935,1398.0511111111111,2093.5,684.9733333333334,1211.2
ep74_best,6001,2,657.0711111111111,659.0,1173.2,1.0,0.49425947187141217,1398.0511111111111,2093.5,684.9733333333334,1211.2
ep74_best,6002,0,329.6088888888889,280.5,629.1,1.0,0.41388888888888886,329.1777777777778,671.2,347.6355555555556,670.3000000000001
ep74_best,6002,1,336.6377777777778,301.5,645.5000000000001,1.0,0.41833030852994557,329.1777777777778,671.2,347.6355555555556,670.3000000000001
ep74_best,6002,2,348.93111111111114,311.5,663.5000000000001,1.0,0.43661971830985913,329.1777777777778,671.2,347.6355555555556,670.3000000000001
ep74_best,6003,0,585.4933333333333,587.5,1102.2,1.0,0.48558014755197854,1166.5177777777778,1817.7000000000003,583.6977777777778,1086.5
ep74_best,6003,1,1023.7688888888889,1238.0,1761.4000000000003,1.0,0.5074716078900179,1166.5177777777778,1817.7000000000003,583.6977777777778,1086.5
ep74_best,6003,2,1220.331111111111,1505.5,2033.4,1.0,0.5324921135646687,1166.5177777777778,1817.7000000000003,583.6977777777778,1086.5
ep74_best,6004,0,303.9577777777778,296.5,560.3000000000001,1.0,0.3816155988857939,236.22222222222223,395.0,237.60444444444445,441.60000000000014
ep74_best,6004,1,289.0622222222222,272.5,530.1,1.0,0.37783832879200724,236.22222222222223,395.0,237.60444444444445,441.60000000000014
ep74_best,6004,2,288.74444444444447,279.0,522.1,1.0,0.3799043062200957,236.22222222222223,395.0,237.60444444444445,441.60000000000014
ep74_best,6005,0,647.3155555555555,624.5,1192.6000000000001,1.0,0.46348517715112075,675.9577777777778,1256.8000000000002,640.9622222222222,1201.4
ep74_best,6005,1,643.1066666666667,607.5,1180.2,1.0,0.4602821083890126,675.9577777777778,1256.8000000000002,640.9622222222222,1201.4
ep74_best,6005,2,645.3066666666666,636.5,1194.7000000000003,1.0,0.4697301239970824,675.9577777777778,1256.8000000000002,640.9622222222222,1201.4
ep74_best,6006,0,368.4288888888889,301.5,737.2,1.0,0.44143356643356646,404.76444444444445,897.0,354.4244444444444,705.3000000000001
ep74_best,6006,1,356.03777777777776,329.0,701.1,1.0,0.4426229508196721,404.76444444444445,897.0,354.4244444444444,705.3000000000001
ep74_best,6006,2,370.09777777777776,319.5,752.3000000000001,1.0,0.4433713784021071,404.76444444444445,897.0,354.4244444444444,705.3000000000001
ep74_best,6007,0,543.1377777777777,503.5,1019.3000000000001,1.0,0.48349687778768957,570.1866666666666,1100.1,540.4333333333333,1028.1
ep74_best,6007,1,554.3488888888888,546.5,1052.3000000000002,1.0,0.46908127208480566,570.1866666666666,1100.1,540.4333333333333,1028.1
ep74_best,6007,2,551.6888888888889,519.5,1056.1,1.0,0.48658008658008656,570.1866666666666,1100.1,540.4333333333333,1028.1
ep74_best,6008,0,313.3822222222222,284.5,601.3000000000001,1.0,0.385470719051149,331.14444444444445,740.3000000000001,303.5466666666667,588.3000000000001
ep74_best,6008,1,316.7288888888889,289.0,595.4000000000001,1.0,0.3968012185833968,331.14444444444445,740.3000000000001,303.5466666666667,588.3000000000001
ep74_best,6008,2,312.56888888888886,286.5,607.3000000000001,1.0,0.39570552147239263,331.14444444444445,740.3000000000001,303.5466666666667,588.3000000000001
ep74_best,6009,0,331.2288888888889,321.5,595.1,1.0,0.43439363817097415,268.5177777777778,468.0,311.30444444444447,569.1
ep74_best,6009,1,321.2,290.0,627.5000000000001,1.0,0.4415983606557377,268.5177777777778,468.0,311.30444444444447,569.1
ep74_best,6009,2,286.88666666666666,276.0,526.2,1.0,0.3963480128893663,268.5177777777778,468.0,311.30444444444447,569.1
ep74_best,6010,0,650.84,626.0,1216.3000000000002,1.0,0.4289713086074178,653.6777777777778,1255.0,634.3888888888889,1208.0
ep74_best,6010,1,637.9488888888889,630.0,1187.3000000000002,1.0,0.41294964028776976,653.6777777777778,1255.0,634.3888888888889,1208.0
ep74_best,6010,2,638.7644444444444,624.0,1178.0,1.0,0.39492753623188404,653.6777777777778,1255.0,634.3888888888889,1208.0
ep74_best,6011,0,364.34222222222223,364.0,649.1,1.0,0.42032967032967034,368.44666666666666,690.2,336.3488888888889,617.1
ep74_best,6011,1,362.11555555555555,370.5,649.2,1.0,0.3967495219885277,368.44666666666666,690.2,336.3488888888889,617.1
ep74_best,6011,2,330.14,319.5,595.1,1.0,0.38740458015267176,368.44666666666666,690.2,336.3488888888889,617.1
ep74_best,6012,0,318.2266666666667,294.5,605.2,1.0,0.3873943120676403,284.0888888888889,504.1,294.1911111111111,567.2
ep74_best,6012,1,329.81333333333333,330.5,596.0,1.0,0.3502454991816694,284.0888888888889,504.1,294.1911111111111,567.2
ep74_best,6012,2,309.7688888888889,295.0,562.3000000000001,1.0,0.35106382978723405,284.0888888888889,504.1,294.1911111111111,567.2
ep74_best,6013,0,565.26,564.5,1017.1,1.0,0.2861685214626391,568.7022222222222,1053.3000000000002,562.4577777777778,1003.2
ep74_best,6013,1,574.5555555555555,572.0,1028.0,1.0,0.27893890675241156,568.7022222222222,1053.3000000000002,562.4577777777778,1003.2
ep74_best,6013,2,565.7977777777778,569.5,1028.2,1.0,0.24351464435146444,568.7022222222222,1053.3000000000002,562.4577777777778,1003.2
ep74_best,6014,0,338.7733333333333,341.0,608.3000000000001,1.0,0.2780612244897959,401.1688888888889,751.1,338.99111111111114,619.1
ep74_best,6014,1,360.32,363.5,635.0,1.0,0.28883291351805207,401.1688888888889,751.1,338.99111111111114,619.1
ep74_best,6014,2,357.5777777777778,361.0,647.2,1.0,0.2815699658703072,401.1688888888889,751.1,338.99111111111114,619.1
ep74_best,6015,0,565.5466666666666,554.5,1066.4,1.0,0.46484375,1405.5733333333333,2384.3,611.8955555555556,1134.3000000000002
ep74_best,6015,1,612.9888888888889,619.0,1114.1,1.0,0.49089529590288317,1405.5733333333333,2384.3,611.8955555555556,1134.3000000000002
ep74_best,6015,2,580.54,561.5,1091.1,1.0,0.45919208573784004,1405.5733333333333,2384.3,611.8955555555556,1134.3000000000002
ep74_best,6016,0,580.0444444444445,531.0,1118.2,1.0,0.481981981981982,519.7533333333333,1037.8000000000004,557.8244444444445,1100.2
ep74_best,6016,1,561.4733333333334,511.5,1097.1,1.0,0.4483173076923077,519.7533333333333,1037.8000000000004,557.8244444444445,1100.2
ep74_best,6016,2,523.8266666666667,499.5,994.2,1.0,0.4755244755244755,519.7533333333333,1037.8000000000004,557.8244444444445,1100.2
ep74_best,6017,0,585.3866666666667,562.5,1084.0,1.0,0.47314814814814815,687.18,1285.8000000000002,590.3511111111111,1090.0
ep74_best,6017,1,580.7777777777778,571.5,1069.0000000000002,1.0,0.49764373232799247,687.18,1285.8000000000002,590.3511111111111,1090.0
ep74_best,6017,2,589.4066666666666,604.5,1100.1,1.0,0.49079189686924496,687.18,1285.8000000000002,590.3511111111111,1090.0
ep74_best,6018,0,675.8977777777778,668.0,1230.3000000000002,1.0,0.4445187165775401,1541.868888888889,2281.2,685.0711111111111,1255.1
ep74_best,6018,1,653.5244444444445,645.5,1240.1,1.0,0.4211590296495957,1541.868888888889,2281.2,685.0711111111111,1255.1
ep74_best,6018,2,668.5733333333334,658.5,1229.3000000000002,1.0,0.4277580071174377,1541.868888888889,2281.2,685.0711111111111,1255.1
ep74_best,6019,0,607.8422222222222,573.5,1183.3000000000002,1.0,0.48546255506607927,642.3533333333334,1257.3000000000002,580.58,1082.1
ep74_best,6019,1,621.44,595.0,1159.2,1.0,0.5068714632174616,642.3533333333334,1257.3000000000002,580.58,1082.1
ep74_best,6019,2,603.1777777777778,595.5,1122.6000000000001,1.0,0.5064822817631807,642.3533333333334,1257.3000000000002,580.58,1082.1
ep74_best,6020,0,422.37111111111113,398.5,792.0,1.0,0.3905996758508914,611.4933333333333,1183.1,392.9977777777778,734.6000000000001
ep74_best,6020,1,405.8488888888889,355.5,765.4000000000001,1.0,0.41424196018376724,611.4933333333333,1183.1,392.9977777777778,734.6000000000001
ep74_best,6020,2,393.08,349.5,765.2,1.0,0.41842310694769713,611.4933333333333,1183.1,392.9977777777778,734.6000000000001
ep74_best,6021,0,296.32666666666665,276.0,570.2,1.0,0.33304498269896193,292.2266666666667,499.1,312.47333333333336,588.2
ep74_best,6021,1,317.8622222222222,304.0,586.8000000000002,1.0,0.3533834586466165,292.2266666666667,499.1,312.47333333333336,588.2
ep74_best,6021,2,312.96666666666664,289.5,593.1,1.0,0.33075601374570446,292.2266666666667,499.1,312.47333333333336,588.2
ep74_best,6022,0,778.9955555555556,811.5,1343.5,1.0,0.49872611464968153,1386.8066666666666,2155.6000000000004,594.0533333333333,1078.2
ep74_best,6022,1,828.3977777777778,877.0,1398.3000000000002,1.0,0.4893203883495146,1386.8066666666666,2155.6000000000004,594.0533333333333,1078.2
ep74_best,6022,2,1120.0733333333333,1196.0,1739.2,1.0,0.5360561582641991,1386.8066666666666,2155.6000000000004,594.0533333333333,1078.2
ep74_best,6023,0,394.1711111111111,357.5,742.2,1.0,0.33633633633633636,422.7688888888889,914.2,371.97777777777776,676.2
ep74_best,6023,1,358.2711111111111,333.5,652.1,1.0,0.32799389778794813,422.7688888888889,914.2,371.97777777777776,676.2
ep74_best,6023,2,377.4488888888889,369.0,712.2,1.0,0.31913303437967117,422.7688888888889,914.2,371.97777777777776,676.2
ep74_best,6024,0,283.0022222222222,263.0,526.3000000000001,1.0,0.41032608695652173,255.26666666666668,439.5000000000001,263.7,462.20000000000005
ep74_best,6024,1,282.1044444444444,271.0,509.0,1.0,0.37604456824512533,255.26666666666668,439.5000000000001,263.7,462.20000000000005
ep74_best,6024,2,301.4111111111111,304.0,532.7000000000002,1.0,0.4101174345076784,255.26666666666668,439.5000000000001,263.7,462.20000000000005
ep74_best,6025,0,330.7266666666667,311.0,635.3000000000001,1.0,0.38981562774363476,341.8933333333333,760.4000000000001,292.9288888888889,549.1
ep74_best,6025,1,340.11555555555555,336.0,620.3000000000001,1.0,0.377560106856634,341.8933333333333,760.4000000000001,292.9288888888889,549.1
ep74_best,6025,2,314.5755555555556,288.5,609.1,1.0,0.38748913987836664,341.8933333333333,760.4000000000001,292.9288888888889,549.1
ep74_best,6026,0,469.18444444444447,449.0,865.1,1.0,0.4623200677392041,685.4355555555555,1307.5,439.5777777777778,812.2
ep74_best,6026,1,481.5466666666667,474.0,851.4000000000001,1.0,0.4642857142857143,685.4355555555555,1307.5,439.5777777777778,812.2
ep74_best,6026,2,488.91777777777776,461.0,904.1,1.0,0.44596912521440824,685.4355555555555,1307.5,439.5777777777778,812.2
ep74_best,6027,0,327.38666666666666,328.0,610.2,1.0,0.36462093862815886,331.9244444444444,675.1,314.06666666666666,587.1
ep74_best,6027,1,335.43111111111114,323.5,612.0,1.0,0.379746835443038,331.9244444444444,675.1,314.06666666666666,587.1
ep74_best,6027,2,316.72444444444443,286.5,590.3000000000001,1.0,0.3598173515981735,331.9244444444444,675.1,314.06666666666666,587.1
ep74_best,6028,0,371.0,320.5,727.1,1.0,0.4606116774791474,502.3888888888889,1032.6000000000001,335.8066666666667,648.3000000000001
ep74_best,6028,1,373.81555555555553,334.0,741.3000000000001,1.0,0.4308145240431796,502.3888888888889,1032.6000000000001,335.8066666666667,648.3000000000001
ep74_best,6028,2,365.62888888888887,325.5,707.2,1.0,0.4281524926686217,502.3888888888889,1032.6000000000001,335.8066666666667,648.3000000000001
ep74_best,6029,0,305.96666666666664,283.0,570.5000000000001,1.0,0.36154478225143794,286.4688888888889,496.0,296.38444444444445,563.3000000000001
ep74_best,6029,1,333.4288888888889,301.5,619.3000000000001,1.0,0.36674622116149563,286.4688888888889,496.0,296.38444444444445,563.3000000000001
ep74_best,6029,2,313.79777777777775,267.0,595.0,1.0,0.38326693227091635,286.4688888888889,496.0,296.38444444444445,563.3000000000001
ep149_final,6000,0,416.3066666666667,377.0,803.0,1.0,0.44958677685950416,536.0933333333334,1082.7000000000003,396.64,750.3000000000001
ep149_final,6000,1,397.62444444444446,375.0,773.1,1.0,0.4773988897700238,536.0933333333334,1082.7000000000003,396.64,750.3000000000001
ep149_final,6000,2,404.8955555555556,378.0,787.1,1.0,0.4741100323624595,536.0933333333334,1082.7000000000003,396.64,750.3000000000001
ep149_final,6001,0,635.8511111111111,647.0,1144.1,1.0,0.5,1398.0511111111111,2093.5,684.9733333333334,1211.2
ep149_final,6001,1,654.0866666666667,664.0,1160.9,1.0,0.5196592398427261,1398.0511111111111,2093.5,684.9733333333334,1211.2
ep149_final,6001,2,662.74,665.5,1161.1,1.0,0.5155320555188367,1398.0511111111111,2093.5,684.9733333333334,1211.2
ep149_final,6002,0,354.8066666666667,326.0,651.1,1.0,0.4369900271985494,329.1777777777778,671.2,347.6355555555556,670.3000000000001
ep149_final,6002,1,333.86,309.0,635.2000000000003,1.0,0.44227188081936686,329.1777777777778,671.2,347.6355555555556,670.3000000000001
ep149_final,6002,2,344.38,312.0,645.7000000000002,1.0,0.4301675977653631,329.1777777777778,671.2,347.6355555555556,670.3000000000001
ep149_final,6003,0,672.8022222222222,726.0,1206.0,1.0,0.5044929396662388,1166.5177777777778,1817.7000000000003,583.6977777777778,1086.5
ep149_final,6003,1,859.8444444444444,918.5,1426.2,1.0,0.5173913043478261,1166.5177777777778,1817.7000000000003,583.6977777777778,1086.5
ep149_final,6003,2,1493.7088888888889,1884.5,2343.7000000000003,1.0,0.5644471594379963,1166.5177777777778,1817.7000000000003,583.6977777777778,1086.5
ep149_final,6004,0,285.24888888888887,265.0,514.0,1.0,0.371,236.22222222222223,395.0,237.60444444444445,441.60000000000014
ep149_final,6004,1,278.7688888888889,246.0,513.1,1.0,0.3570701932858596,236.22222222222223,395.0,237.60444444444445,441.60000000000014
ep149_final,6004,2,282.92,261.0,516.1,1.0,0.35030549898167007,236.22222222222223,395.0,237.60444444444445,441.60000000000014
ep149_final,6005,0,645.6688888888889,632.0,1198.1,1.0,0.48270787343635024,675.9577777777778,1256.8000000000002,640.9622222222222,1201.4
ep149_final,6005,1,627.2688888888889,621.5,1170.1,1.0,0.46987951807228917,675.9577777777778,1256.8000000000002,640.9622222222222,1201.4
ep149_final,6005,2,650.6933333333334,620.5,1187.5,1.0,0.4929681717246484,675.9577777777778,1256.8000000000002,640.9622222222222,1201.4
ep149_final,6006,0,375.9711111111111,355.5,734.9000000000002,1.0,0.44919786096256686,404.76444444444445,897.0,354.4244444444444,705.3000000000001
ep149_final,6006,1,365.5022222222222,344.5,734.2,1.0,0.4296228150873965,404.76444444444445,897.0,354.4244444444444,705.3000000000001
ep149_final,6006,2,366.3644444444444,337.0,732.0,1.0,0.44757709251101324,404.76444444444445,897.0,354.4244444444444,705.3000000000001
ep149_final,6007,0,538.6022222222222,522.0,1008.3000000000001,1.0,0.464,570.1866666666666,1100.1,540.4333333333333,1028.1
ep149_final,6007,1,536.9622222222222,505.0,1016.1,1.0,0.4689213893967093,570.1866666666666,1100.1,540.4333333333333,1028.1
ep149_final,6007,2,534.04,527.0,992.2,1.0,0.49480968858131485,570.1866666666666,1100.1,540.4333333333333,1028.1
ep149_final,6008,0,307.5311111111111,268.5,603.4000000000001,1.0,0.39089481946624804,331.14444444444445,740.3000000000001,303.5466666666667,588.3000000000001
ep149_final,6008,1,301.5111111111111,268.0,583.1,1.0,0.3831009023789992,331.14444444444445,740.3000000000001,303.5466666666667,588.3000000000001
ep149_final,6008,2,297.70666666666665,274.5,576.3000000000001,1.0,0.4012738853503185,331.14444444444445,740.3000000000001,303.5466666666667,588.3000000000001
ep149_final,6009,0,310.6688888888889,290.5,600.4000000000001,1.0,0.43543223052294555,268.5177777777778,468.0,311.30444444444447,569.1
ep149_final,6009,1,302.7911111111111,277.0,571.1,1.0,0.4309978768577495,268.5177777777778,468.0,311.30444444444447,569.1
ep149_final,6009,2,299.40444444444444,273.0,558.3000000000001,1.0,0.41622198505869795,268.5177777777778,468.0,311.30444444444447,569.1
ep149_final,6010,0,638.6044444444444,613.0,1186.2,1.0,0.4377652050919378,653.6777777777778,1255.0,634.3888888888889,1208.0
ep149_final,6010,1,631.2755555555556,610.0,1175.1,1.0,0.41869021339220014,653.6777777777778,1255.0,634.3888888888889,1208.0
ep149_final,6010,2,636.3133333333334,639.0,1183.2,1.0,0.4112718964204113,653.6777777777778,1255.0,634.3888888888889,1208.0
ep149_final,6011,0,334.9711111111111,324.0,613.2,1.0,0.3888888888888889,368.44666666666666,690.2,336.3488888888889,617.1
ep149_final,6011,1,343.46222222222224,362.0,613.2,1.0,0.40490196078431373,368.44666666666666,690.2,336.3488888888889,617.1
ep149_final,6011,2,324.15555555555557,300.5,608.0,1.0,0.3990196078431373,368.44666666666666,690.2,336.3488888888889,617.1
ep149_final,6012,0,320.94,313.0,582.3000000000001,1.0,0.3717627401837928,284.0888888888889,504.1,294.1911111111111,567.2
ep149_final,6012,1,312.94666666666666,288.0,589.0,1.0,0.3542713567839196,284.0888888888889,504.1,294.1911111111111,567.2
ep149_final,6012,2,332.3377777777778,345.0,601.5000000000001,1.0,0.36863379143088115,284.0888888888889,504.1,294.1911111111111,567.2
ep149_final,6013,0,559.7888888888889,551.5,996.2,1.0,0.30126182965299686,568.7022222222222,1053.3000000000002,562.4577777777778,1003.2
ep149_final,6013,1,554.5422222222222,549.5,1007.0,1.0,0.2837620578778135,568.7022222222222,1053.3000000000002,562.4577777777778,1003.2
ep149_final,6013,2,561.5755555555555,548.0,1012.4000000000001,1.0,0.30234375,568.7022222222222,1053.3000000000002,562.4577777777778,1003.2
ep149_final,6014,0,359.7711111111111,365.5,653.0,1.0,0.30692243536280234,401.1688888888889,751.1,338.99111111111114,619.1
ep149_final,6014,1,353.44666666666666,349.0,640.1,1.0,0.30084033613445377,401.1688888888889,751.1,338.99111111111114,619.1
ep149_final,6014,2,351.2688888888889,351.0,627.0,1.0,0.31291946308724833,401.1688888888889,751.1,338.99111111111114,619.1
ep149_final,6015,0,612.8244444444445,603.0,1132.4,1.0,0.4682926829268293,1405.5733333333333,2384.3,611.8955555555556,1134.3000000000002
ep149_final,6015,1,544.3266666666667,522.0,1040.4,1.0,0.5,1405.5733333333333,2384.3,611.8955555555556,1134.3000000000002
ep149_final,6015,2,580.3755555555556,560.5,1097.1000000000004,1.0,0.47619047619047616,1405.5733333333333,2384.3,611.8955555555556,1134.3000000000002
ep149_final,6016,0,575.7977777777778,534.0,1069.0,1.0,0.45161290322580644,519.7533333333333,1037.8000000000004,557.8244444444445,1100.2
ep149_final,6016,1,539.0555555555555,501.0,1085.1,1.0,0.46274038461538464,519.7533333333333,1037.8000000000004,557.8244444444445,1100.2
ep149_final,6016,2,566.2977777777778,535.5,1080.2,1.0,0.4416058394160584,519.7533333333333,1037.8000000000004,557.8244444444445,1100.2
ep149_final,6017,0,558.38,550.5,1022.1,1.0,0.4700507614213198,687.18,1285.8000000000002,590.3511111111111,1090.0
ep149_final,6017,1,574.62,560.0,1047.8000000000002,1.0,0.4754754754754755,687.18,1285.8000000000002,590.3511111111111,1090.0
ep149_final,6017,2,556.7266666666667,521.0,1059.1,1.0,0.4616161616161616,687.18,1285.8000000000002,590.3511111111111,1090.0
ep149_final,6018,0,640.0044444444444,626.0,1204.1,1.0,0.4432576769025367,1541.868888888889,2281.2,685.0711111111111,1255.1
ep149_final,6018,1,654.9355555555555,637.0,1229.0,1.0,0.4573333333333333,1541.868888888889,2281.2,685.0711111111111,1255.1
ep149_final,6018,2,674.6511111111112,669.0,1231.1,1.0,0.46445182724252493,1541.868888888889,2281.2,685.0711111111111,1255.1
ep149_final,6019,0,601.7333333333333,567.5,1156.0,1.0,0.4669767441860465,642.3533333333334,1257.3000000000002,580.58,1082.1
ep149_final,6019,1,611.7244444444444,602.0,1154.5,1.0,0.482886216466235,642.3533333333334,1257.3000000000002,580.58,1082.1
ep149_final,6019,2,596.5133333333333,552.0,1134.3000000000002,1.0,0.5018248175182481,642.3533333333334,1257.3000000000002,580.58,1082.1
ep149_final,6020,0,414.0111111111111,381.0,805.2,1.0,0.4143081761006289,611.4933333333333,1183.1,392.9977777777778,734.6000000000001
ep149_final,6020,1,410.9555555555556,371.5,794.2,1.0,0.4144996059889677,611.4933333333333,1183.1,392.9977777777778,734.6000000000001
ep149_final,6020,2,406.1511111111111,350.0,805.0,1.0,0.4195535026943803,611.4933333333333,1183.1,392.9977777777778,734.6000000000001
ep149_final,6021,0,319.28,314.5,575.0,1.0,0.3453299057412168,292.2266666666667,499.1,312.47333333333336,588.2
ep149_final,6021,1,330.9533333333333,325.5,607.1,1.0,0.3414429530201342,292.2266666666667,499.1,312.47333333333336,588.2
ep149_final,6021,2,343.2266666666667,335.5,632.0,1.0,0.3389084507042254,292.2266666666667,499.1,312.47333333333336,588.2
ep149_final,6022,0,584.0155555555556,594.0,1067.4,1.0,0.49658469945355194,1386.8066666666666,2155.6000000000004,594.0533333333333,1078.2
ep149_final,6022,1,612.8333333333334,607.0,1125.8000000000002,1.0,0.5347452018530774,1386.8066666666666,2155.6000000000004,594.0533333333333,1078.2
ep149_final,6022,2,737.1911111111111,725.5,1299.0,1.0,0.5308474576271186,1386.8066666666666,2155.6000000000004,594.0533333333333,1078.2
ep149_final,6023,0,383.8222222222222,372.0,700.1,1.0,0.35527299925205685,422.7688888888889,914.2,371.97777777777776,676.2
ep149_final,6023,1,379.71555555555557,368.0,686.2,1.0,0.3708609271523179,422.7688888888889,914.2,371.97777777777776,676.2
ep149_final,6023,2,383.28,363.0,708.4000000000001,1.0,0.35237388724035607,422.7688888888889,914.2,371.97777777777776,676.2
ep149_final,6024,0,271.02666666666664,239.0,506.1,1.0,0.39752144899904673,255.26666666666668,439.5000000000001,263.7,462.20000000000005
ep149_final,6024,1,264.5755555555556,229.5,498.1,1.0,0.3900841908325538,255.26666666666668,439.5000000000001,263.7,462.20000000000005
ep149_final,6024,2,285.0466666666667,271.5,509.0,1.0,0.4117100371747212,255.26666666666668,439.5000000000001,263.7,462.20000000000005
ep149_final,6025,0,316.25555555555553,320.0,584.4000000000001,1.0,0.40505144995322734,341.8933333333333,760.4000000000001,292.9288888888889,549.1
ep149_final,6025,1,319.59555555555556,306.5,609.0,1.0,0.3727865796831314,341.8933333333333,760.4000000000001,292.9288888888889,549.1
ep149_final,6025,2,304.31555555555553,278.0,569.1,1.0,0.3754646840148699,341.8933333333333,760.4000000000001,292.9288888888889,549.1
ep149_final,6026,0,481.9555555555556,476.0,867.1,1.0,0.44366197183098594,685.4355555555555,1307.5,439.5777777777778,812.2
ep149_final,6026,1,465.22444444444443,452.5,847.4000000000001,1.0,0.4742436631234669,685.4355555555555,1307.5,439.5777777777778,812.2
ep149_final,6026,2,481.9111111111111,461.0,874.0,1.0,0.4511754068716094,685.4355555555555,1307.5,439.5777777777778,812.2
ep149_final,6027,0,326.6177777777778,316.0,604.4000000000001,1.0,0.4034608378870674,331.9244444444444,675.1,314.06666666666666,587.1
ep149_final,6027,1,330.4088888888889,300.5,618.2,1.0,0.4041034790365745,331.9244444444444,675.1,314.06666666666666,587.1
ep149_final,6027,2,334.85777777777776,327.0,615.3000000000001,1.0,0.38253825382538253,331.9244444444444,675.1,314.06666666666666,587.1
ep149_final,6028,0,349.7577777777778,304.5,675.1,1.0,0.44756554307116103,502.3888888888889,1032.6000000000001,335.8066666666667,648.3000000000001
ep149_final,6028,1,353.64222222222224,316.0,702.1,1.0,0.41569767441860467,502.3888888888889,1032.6000000000001,335.8066666666667,648.3000000000001
ep149_final,6028,2,361.29333333333335,318.5,733.0,1.0,0.4474708171206226,502.3888888888889,1032.6000000000001,335.8066666666667,648.3000000000001
ep149_final,6029,0,304.31333333333333,273.5,570.1,1.0,0.3944223107569721,286.4688888888889,496.0,296.38444444444445,563.3000000000001
ep149_final,6029,1,279.98,248.5,550.1,1.0,0.3669421487603306,286.4688888888889,496.0,296.38444444444445,563.3000000000001
ep149_final,6029,2,314.5711111111111,290.5,585.3000000000001,1.0,0.3911290322580645,286.4688888888889,496.0,296.38444444444445,563.3000000000001
