episode,updates_cumulative,updates_episode,algorithm,transitions_buffered,transitions_collected_episode,transitions_collected_cumulative,policy_loss,episode_return_total,avg_return_per_vehicle,value_loss,entropy,entropy_coef_effective,approx_kl,clip_fraction,completion_rate,avg_travel_time,p50_travel_time,p90_travel_time,teleports,controlled_ever_teleported,arrived_after_teleport,clean_arrivals_without_teleport,forced_actions,critic_only_queued,route_decisions_total,route_candidate_count,route_feasible_candidate_count,route_actor_ownership_skips,route_no_feasible_candidates,route_choice_idx_0,route_choice_idx_1,route_choice_idx_2,route_choice_idx_3,route_valid_candidates_1,route_valid_candidates_2,route_valid_candidates_3,route_valid_candidates_4,route_choice_nonzero_rate,route_mean_valid_candidates,route_mean_logit_margin,route_mean_chosen_length_norm,route_mean_chosen_eta_norm,route_mean_chosen_density,route_mean_chosen_first_density,route_mean_balance_reward,route_mean_eta_delta_steps,route_mean_density_relief,route_mean_required_relief,route_selfless_detour_rate,route_bad_detour_rate,decisions_considered,decisions_opened,decisions_finalized,decisions_skipped,loop_events,safety_overrides,loop_prefilter_overrides,fragment_build_failures,fallback_overrides,pending_decision_timeouts,deferred_lane_change_actions,lane_change_observe_started,lane_change_observe_success,lane_change_observe_abort_no_progress,lane_change_observe_abort_low_speed,lane_change_observe_abort_commit_window,pending_release_events_total,pending_release_abort_events_total,cooldown_replans_blocked,pending_release_observe_abort_no_progress,pending_release_observe_abort_commit_window,pending_release_observe_abort_low_speed,pending_release_wrong_lane_commit,pending_release_route_no_progress_abort,snapshot_cache_hits,shortest_path_cache_hits,override_ratio,override_events_total,override_event_loop_prefilter,override_event_cooldown_fallback,override_event_observe_abort_fallback,override_event_route_apply_fail,policy_masked_actions_removed,decision_pending_at_episode_end,mean_decision_latency_steps,mean_reward_per_finalized_decision,mean_route_difficulty_eta,p50_route_difficulty_eta,p90_route_difficulty_eta,fail_teleport,mean_network_density,p95_network_density,congestion_high_pressure_steps,emergency_brake_events,teleport_inferred_jam,teleport_inferred_yield_or_deadlock,lane_change_observe_resolution_rate,tail_vehicles_over_p90_count,tail_completion_gap_steps,aggregate_actionable_skip_to_finalized_ratio,social_regret_mean,social_regret_p90,social_best_action_chosen_rate,structural_skip_ratio,pending_resolution_success_rate,pending_timeout_rate,pending_abort_rate,delay_fairness_gini,p95_to_p50_travel_ratio,fallback_rate_per_opened_decision,controlled_teleport_rate,skip_reason_forced_by_lane_commit,skip_reason_forced_single_path,reachable_lane_change_nonempty,reachable_lane_change_excluded_any,reachable_lane_change_excluded_all,policy_candidates_with_broader_available,policy_candidates_collapsed_to_lane_now_only,coordination_pending_reservations_seeded,coordination_pressure_candidates_seen,coordination_pressure_candidates_rejected,lane_now_congestion_candidates_seen,lane_now_congestion_candidates_rejected,proactive_shift2_candidates_seen,proactive_brake_risk_candidates_seen,proactive_brake_risk_candidates_rejected,proactive_brake_risk_fallback_kept,proactive_decisions_opened,proactive_decisions_finalized,lane_now_decisions_opened,lane_now_decisions_finalized,proactive_pending_abort_count,proactive_pending_timeout_count,lane_now_replan_releases,lane_now_replan_forced_alternative,same_edge_reopen_after_abort_count,synthetic_terminal_finalizations,finalized_opened_proactive_ratio,finalized_opened_lane_now_ratio,noncompletion_rate,uncontrolled_total_wait_steps,mean_uncontrolled_wait_per_step,route_detour_reward_congested_mean,route_detour_reward_light_mean,route_detour_congested_count,route_detour_light_count
0,1,1,mappo,0,1878,1878,-0.006397311888576951,-27425.539242568353,-114.27308017736814,0.47465786803513765,0.9345865901559591,0.15,0.002397254287643591,0.12987638777121902,0.9958333333333333,451.14016736401675,445.0,676.6000000000001,3,2,1,238,0.0,0.0,1879.0,5346.0,5346.0,98555.0,0.0,856.0,453.0,404.0,166.0,391.0,175.0,647.0,666.0,0.5444385311335816,2.845130388504524,0.002636479854211013,0.24182410683718814,0.034819885980320014,0.8080935497032682,0.8923429412119975,1.022224661162748,11.475398749858538,0.0671920763072731,0.005926715445685713,0.542309739222991,0.0021287919105907396,100434.0,0.0,0.0,0.0,0.0,0.0,0.0,0.0,0.0,0.0,0.0,0.0,0.0,0.0,0.0,0.0,0.0,0.0,0.0,0.0,0.0,0.0,0.0,0.0,0.0,122250.0,0.0,0.0,0.0,0.0,0.0,0.0,0.0,0,0.0,0.0,337.5,337.5,337.5,1,1.041436655731856,11.977777481079102,0,279.0,2.0,1.0,0.0,24,319.66666666666663,0.0,0.0,0.0,0.0,0.0,0.0,0.0,0.0,0.1920536337858081,1.622808988764045,0.0,0.008333333333333333,0.0,0.0,100434.0,9891.0,0.0,0.0,0.0,0.0,0.0,0.0,0.0,0.0,0.0,0.0,0.0,0.0,0.0,0.0,0.0,0.0,0.0,0.0,0.0,0.0,0.0,240.0,0.0,0.0,0.004166666666666652,25100.0,26.64543524416136,1.8815476144133716,-0.14998799562454224,1021.0,2.0
1,2,1,mappo,0,1840,3718,-0.011117824877146631,-20665.336893661042,-86.10557039025434,0.31704379338771105,0.9325564652681351,0.14795918367346939,0.0006234365373529727,0.18492046202300116,0.9958333333333333,419.80125523012555,402.0,628.3000000000001,2,1,0,239,0.0,0.0,1841.0,5240.0,5240.0,91633.0,0.0,820.0,473.0,376.0,172.0,391.0,150.0,651.0,649.0,0.55458989679522,2.846279196089082,0.03235110844900788,0.24443916182424763,0.03519642375872988,0.8124392489699818,0.8973875468632734,0.9971370270552813,11.604720313286148,0.06008708313459012,0.005981018134689054,0.55458989679522,0.0,93474.0,0.0,0.0,0.0,0.0,0.0,0.0,0.0,0.0,0.0,0.0,0.0,0.0,0.0,0.0,0.0,0.0,0.0,0.0,0.0,0.0,0.0,0.0,0.0,0.0,237097.0,0.0,0.0,0.0,0.0,0.0,0.0,0.0,0,0.0,0.0,337.5,337.5,337.5,1,1.0339827868419662,11.600000381469727,0,263.0,1.0,1.0,0.0,24,318.64583333333337,0.0,0.0,0.0,0.0,0.0,0.0,0.0,0.0,0.18076531515972993,1.7450248756218905,0.0,0.004166666666666667,0.0,0.0,93474.0,7722.0,0.0,0.0,0.0,0.0,0.0,0.0,0.0,0.0,0.0,0.0,0.0,0.0,0.0,0.0,0.0,0.0,0.0,0.0,0.0,0.0,0.0,240.0,0.0,0.0,0.004166666666666652,2167.0,2.4513574660633486,1.7989391431036765,0.8113408430226268,1020.0,1.0
2,3,1,mappo,0,1839,5557,-0.0037170560904087324,-21849.230305235113,-91.0384596051463,0.3123035905882716,0.9225670211017132,0.14591836734693878,0.0019213164865732324,0.23203028575517237,0.9958333333333333,425.51673640167365,425.0,611.1000000000001,2,1,0,239,0.0,0.0,1840.0,5226.0,5226.0,92927.0,0.0,844.0,455.0,385.0,156.0,398.0,147.0,646.0,649.0,0.5413043478260869,2.840217391304348,0.07400637721116451,0.2437703787430149,0.035100126728597705,0.8084568390642981,0.8904424305488963,1.0001222226653432,11.395827058864677,0.06366808371788432,0.005915940229571736,0.5413043478260869,0.0,94767.0,0.0,0.0,0.0,0.0,0.0,0.0,0.0,0.0,0.0,0.0,0.0,0.0,0.0,0.0,0.0,0.0,0.0,0.0,0.0,0.0,0.0,0.0,0.0,0.0,353218.0,0.0,0.0,0.0,0.0,0.0,0.0,0.0,0,0.0,0.0,337.5,337.5,337.5,1,1.0016332456219943,11.822222709655762,0,254.0,1.0,1.0,0.0,24,282.91666666666663,0.0,0.0,0.0,0.0,0.0,0.0,0.0,0.0,0.17473019919841404,1.5945882352941179,0.0,0.004166666666666667,0.0,0.0,94767.0,8093.0,0.0,0.0,0.0,0.0,0.0,0.0,0.0,0.0,0.0,0.0,0.0,0.0,0.0,0.0,0.0,0.0,0.0,0.0,0.0,0.0,0.0,240.0,0.0,0.0,0.004166666666666652,2094.0,2.26133909287257,1.847615351108666,0.0,996.0,0.0
3,4,1,mappo,0,1828,7385,-0.010217017921604565,-24414.569792629623,-101.72737413595677,0.3720380337908864,0.9253697711974382,0.14387755102040817,0.002092006674502045,0.18747157184407115,0.9958333333333333,435.91004184100416,435.5,639.5,2,1,0,239,0.0,0.0,1829.0,5213.0,5213.0,95397.0,0.0,795.0,484.0,384.0,166.0,382.0,157.0,643.0,647.0,0.5653362493165665,2.850191361399672,0.10941231310440909,0.2457319556436557,0.03538257116884678,0.8063629484481339,0.8772549640780397,1.0729012253640393,12.133528612688501,0.07098797818698684,0.006133391787585107,0.562055768179333,0.0032804811372334607,97226.0,0.0,0.0,0.0,0.0,0.0,0.0,0.0,0.0,0.0,0.0,0.0,0.0,0.0,0.0,0.0,0.0,0.0,0.0,0.0,0.0,0.0,0.0,0.0,0.0,471750.0,0.0,0.0,0.0,0.0,0.0,0.0,0.0,0,0.0,0.0,337.5,337.5,337.5,1,1.0243636583839648,12.288888931274414,0,311.0,1.0,1.0,0.0,24,282.25,0.0,0.0,0.0,0.0,0.0,0.0,0.0,0.0,0.19042248339758627,1.5672789896670494,0.0,0.004166666666666667,0.0,0.0,97226.0,9051.0,0.0,0.0,0.0,0.0,0.0,0.0,0.0,0.0,0.0,0.0,0.0,0.0,0.0,0.0,0.0,0.0,0.0,0.0,0.0,0.0,0.0,240.0,0.0,0.0,0.004166666666666652,1264.0,1.3664864864864865,1.9017793771144156,-0.14998799562454224,1032.0,2.0
4,5,1,mappo,0,1828,9213,-0.009096956920984667,-20158.893061399333,-83.99538775583055,0.3497609216719866,0.9116883240640163,0.14183673469387756,0.0019690557155627175,0.20637909369543195,0.9958333333333333,414.31380753138075,410.5,605.5000000000003,2,1,0,239,0.0,0.0,1829.0,5176.0,5176.0,90218.0,0.0,807.0,477.0,374.0,171.0,407.0,137.0,645.0,640.0,0.5587752870420996,2.8299617277200655,0.12432244797468903,0.24458037004355462,0.035216756143641316,0.8109134690135416,0.8950855979021738,1.0070202519750437,11.749743036131445,0.06047298855783302,0.006027907162768373,0.5571350464734828,0.0016402405686167304,92047.0,0.0,0.0,0.0,0.0,0.0,0.0,0.0,0.0,0.0,0.0,0.0,0.0,0.0,0.0,0.0,0.0,0.0,0.0,0.0,0.0,0.0,0.0,0.0,0.0,585007.0,0.0,0.0,0.0,0.0,0.0,0.0,0.0,0,0.0,0.0,337.5,337.5,337.5,1,0.9831877840764005,12.44444465637207,0,268.0,1.0,1.0,0.0,24,301.91666666666663,0.0,0.0,0.0,0.0,0.0,0.0,0.0,0.0,0.194150397665108,1.6311814859926916,0.0,0.004166666666666667,0.0,0.0,92047.0,6855.0,0.0,0.0,0.0,0.0,0.0,0.0,0.0,0.0,0.0,0.0,0.0,0.0,0.0,0.0,0.0,0.0,0.0,0.0,0.0,0.0,0.0,240.0,0.0,0.0,0.004166666666666652,379.0,0.41466083150984684,1.8041038480489517,-0.14998799562454224,1021.0,1.0
5,6,1,mappo,0,1817,11030,-0.014110809774138033,-24237.40944538832,-100.98920602245133,0.44246814865618944,0.9024535845965147,0.13979591836734692,0.0018330940101805027,0.2210940970107913,0.9958333333333333,431.592050209205,379.5,629.2,2,1,0,239,0.0,0.0,1818.0,5133.0,5133.0,93890.0,0.0,808.0,483.0,383.0,144.0,404.0,138.0,651.0,625.0,0.5555555555555556,2.8234323432343236,0.14578762679997057,0.24503231401031692,0.03528183084432081,0.8154701905061744,0.8914382779116284,1.0220561705084052,11.840636486267492,0.06298732205222164,0.006036852313588318,0.5539053905390539,0.0016501650165016502,95708.0,0.0,0.0,0.0,0.0,0.0,0.0,0.0,0.0,0.0,0.0,0.0,0.0,0.0,0.0,0.0,0.0,0.0,0.0,0.0,0.0,0.0,0.0,0.0,0.0,701742.0,0.0,0.0,0.0,0.0,0.0,0.0,0.0,0,0.0,0.0,337.5,337.5,337.5,1,0.9889968716595894,13.226666450500487,0,292.0,1.0,1.0,0.0,24,337.75,0.0,0.0,0.0,0.0,0.0,0.0,0.0,0.0,0.20252286443627,1.8380764163372858,0.0,0.004166666666666667,0.0,0.0,95708.0,5816.0,0.0,0.0,0.0,0.0,0.0,0.0,0.0,0.0,0.0,0.0,0.0,0.0,0.0,0.0,0.0,0.0,0.0,0.0,0.0,0.0,0.0,240.0,0.0,0.0,0.004166666666666652,11950.0,12.552521008403362,1.8426889341670183,0.3338361719631337,1008.0,2.0
6,7,1,mappo,0,1819,12849,-0.010868201614357531,-25435.737374985052,-105.98223906243771,0.4025549916550517,0.9025347698479891,0.1377551020408163,0.003983442093158374,0.20634066872298717,0.9958333333333333,438.9937238493724,455.5,620.5000000000001,3,2,1,238,0.0,0.0,1820.0,5170.0,5170.0,96219.0,0.0,786.0,491.0,389.0,154.0,392.0,144.0,646.0,638.0,0.5681318681318681,2.840659340659341,0.21494537554067242,0.24575549283034198,0.035385960244297326,0.8079080759332731,0.892593486894659,1.0327187792666228,11.966075255320622,0.06378404744622361,0.006088316114759205,0.5659340659340659,0.002197802197802198,98039.0,0.0,0.0,0.0,0.0,0.0,0.0,0.0,0.0,0.0,0.0,0.0,0.0,0.0,0.0,0.0,0.0,0.0,0.0,0.0,0.0,0.0,0.0,0.0,0.0,820910.0,0.0,0.0,0.0,0.0,0.0,0.0,0.0,0,0.0,0.0,337.5,337.5,337.5,1,1.045360298248302,12.600000381469727,0,265.0,2.0,1.0,0.0,24,269.14583333333337,0.0,0.0,0.0,0.0,0.0,0.0,0.0,0.0,0.19117940610415385,1.4832052689352357,0.0,0.008333333333333333,0.0,0.0,98039.0,8654.0,0.0,0.0,0.0,0.0,0.0,0.0,0.0,0.0,0.0,0.0,0.0,0.0,0.0,0.0,0.0,0.0,0.0,0.0,0.0,0.0,0.0,240.0,0.0,0.0,0.004166666666666652,0.0,0.0,1.819649725325148,-0.14998799562454224,1033.0,1.0
7,8,1,mappo,0,1790,14639,-0.00617339373275172,-12168.319421674678,-50.70133092364449,0.21346506429836154,0.9047071989625692,0.1357142857142857,0.0016392513080063509,0.1470697356853634,1.0,380.15833333333336,361.25,513.55,1,1,1,239,0.0,0.0,1790.0,5092.0,5092.0,82138.0,0.0,754.0,513.0,371.0,152.0,392.0,127.0,638.0,633.0,0.5787709497206703,2.844692737430168,0.18738517374341382,0.2484392441309697,0.03577238954447584,0.8281350162171618,0.9041531434048529,1.02224851581694,12.468275837392115,0.053531844944597166,0.006228353613836666,0.5770949720670391,0.0016759776536312849,83928.0,0.0,0.0,0.0,0.0,0.0,0.0,0.0,0.0,0.0,0.0,0.0,0.0,0.0,0.0,0.0,0.0,0.0,0.0,0.0,0.0,0.0,0.0,0.0,0.0,925689.0,0.0,0.0,0.0,0.0,0.0,0.0,0.0,0,0.0,0.0,337.5,337.5,337.5,0,0.9815314612004551,12.800000190734863,0,284.0,1.0,0.0,0.0,24,261.10416666666663,0.0,0.0,0.0,0.0,0.0,0.0,0.0,0.0,0.15989312749804552,1.6744636678200688,0.0,0.004166666666666667,0.0,0.0,83928.0,5158.0,0.0,0.0,0.0,0.0,0.0,0.0,0.0,0.0,0.0,0.0,0.0,0.0,0.0,0.0,0.0,0.0,0.0,0.0,0.0,0.0,0.0,240.0,0.0,0.0,0.0,1275.0,1.5232974910394266,1.768091624452123,-0.14998799562454224,1035.0,1.0
8,9,1,mappo,0,1779,16418,-0.006429813456634292,-12987.489196073859,-54.11453831697441,0.25230926321819425,0.8919822964817286,0.1336734693877551,0.0005469749039548333,0.232773014344275,0.9958333333333333,378.36401673640165,341.5,535.3000000000002,2,1,0,239,0.0,0.0,1780.0,5047.0,5047.0,81886.0,0.0,738.0,492.0,403.0,147.0,391.0,129.0,642.0,618.0,0.5853932584269663,2.8353932584269663,0.21334767671448462,0.24891853764067204,0.035841402269146415,0.8237717006543881,0.9006320936539932,1.0426147575637603,12.710218685396601,0.055827695262836874,0.006306417659980321,0.5848314606741573,0.0005617977528089888,83666.0,0.0,0.0,0.0,0.0,0.0,0.0,0.0,0.0,0.0,0.0,0.0,0.0,0.0,0.0,0.0,0.0,0.0,0.0,0.0,0.0,0.0,0.0,0.0,0.0,1030083.0,0.0,0.0,0.0,0.0,0.0,0.0,0.0,0,0.0,0.0,337.5,337.5,337.5,1,0.9930528840714172,11.877778053283691,0,248.0,1.0,1.0,0.0,24,279.39583333333337,0.0,0.0,0.0,0.0,0.0,0.0,0.0,0.0,0.17070291304613971,1.7878477306002927,0.0,0.004166666666666667,0.0,0.0,83666.0,4202.0,0.0,0.0,0.0,0.0,0.0,0.0,0.0,0.0,0.0,0.0,0.0,0.0,0.0,0.0,0.0,0.0,0.0,0.0,0.0,0.0,0.0,240.0,0.0,0.0,0.004166666666666652,0.0,0.0,1.7829051454938691,-0.14998799562454224,1041.0,1.0
9,10,1,mappo,0,1789,18207,-0.01075611692158418,-14105.27081466868,-58.77196172778617,0.20351090701296926,0.8887109719216824,0.13163265306122449,0.003452573022514116,0.2022287747822702,1.0,389.2916666666667,391.0,534.75,1,1,1,239,0.0,0.0,1789.0,5096.0,5096.0,84439.0,0.0,724.0,503.0,383.0,179.0,382.0,135.0,644.0,628.0,0.5953046394633874,2.8485187255449973,0.2424634133781582,0.24902529173669632,0.03585677363067999,0.8262038574084981,0.9026117319357777,1.0511117885412782,12.696580244483329,0.05652310885422453,0.006301715321730012,0.5936277249860257,0.0016769144773616546,86228.0,0.0,0.0,0.0,0.0,0.0,0.0,0.0,0.0,0.0,0.0,0.0,0.0,0.0,0.0,0.0,0.0,0.0,0.0,0.0,0.0,0.0,0.0,0.0,0.0,1137125.0,0.0,0.0,0.0,0.0,0.0,0.0,0.0,0,0.0,0.0,337.5,337.5,337.5,0,0.9885749305084375,11.266666412353516,0,256.0,1.0,0.0,0.0,24,248.14583333333337,0.0,0.0,0.0,0.0,0.0,0.0,0.0,0.0,0.16643721681115986,1.6161125319693086,0.0,0.004166666666666667,0.0,0.0,86228.0,5361.0,0.0,0.0,0.0,0.0,0.0,0.0,0.0,0.0,0.0,0.0,0.0,0.0,0.0,0.0,0.0,0.0,0.0,0.0,0.0,0.0,0.0,240.0,0.0,0.0,0.0,1763.0,2.066822977725674,1.767470843699221,-0.14998799562454224,1064.0,1.0
10,11,1,mappo,0,1768,19975,-0.007243944884976372,-15541.587564454818,-64.75661485189508,0.3751964895054698,0.8778386116027832,0.12959183673469388,0.0026569464262138354,0.2001721616834402,1.0,392.19166666666666,340.0,558.8,1,1,1,239,0.0,0.0,1768.0,5024.0,5024.0,85103.0,0.0,712.0,523.0,381.0,152.0,385.0,126.0,641.0,616.0,0.5972850678733032,2.841628959276018,0.2747544368362366,0.25021917248203746,0.036028678689628196,0.8203896861528658,0.8988880232464821,1.0592413090910442,12.918649306394396,0.055827090226657876,0.006368657662416898,0.5961538461538461,0.0011312217194570137,86871.0,0.0,0.0,0.0,0.0,0.0,0.0,0.0,0.0,0.0,0.0,0.0,0.0,0.0,0.0,0.0,0.0,0.0,0.0,0.0,0.0,0.0,0.0,0.0,0.0,1244559.0,0.0,0.0,0.0,0.0,0.0,0.0,0.0,0,0.0,0.0,337.5,337.5,337.5,0,0.9870329813300951,12.660000276565542,0,238.0,1.0,0.0,0.0,24,313.6875,0.0,0.0,0.0,0.0,0.0,0.0,0.0,0.0,0.18327808823633562,1.8261029411764695,0.0,0.004166666666666667,0.0,0.0,86871.0,4672.0,0.0,0.0,0.0,0.0,0.0,0.0,0.0,0.0,0.0,0.0,0.0,0.0,0.0,0.0,0.0,0.0,0.0,0.0,0.0,0.0,0.0,240.0,0.0,0.0,0.0,6695.0,7.775842044134727,1.774332676903711,0.8176603395508096,1055.0,1.0
11,12,1,mappo,0,1769,21744,-0.002256608298921492,-7984.35971332176,-33.268165472174,0.16098878160119057,0.8784168791025877,0.12755102040816327,0.002443160417897161,0.1749464045278728,1.0,361.76666666666665,321.5,507.05,1,1,1,239,0.0,0.0,1769.0,5036.0,5036.0,78181.0,0.0,659.0,542.0,421.0,147.0,377.0,137.0,635.0,620.0,0.6274731486715659,2.8468061051441493,0.25529204809763395,0.2514273583627879,0.03620264353414859,0.8318611896797433,0.9023457591686715,1.0942594222210174,13.73547500914406,0.05298585656516041,0.006616184077064143,0.6257772752967778,0.0016958733747880158,79950.0,0.0,0.0,0.0,0.0,0.0,0.0,0.0,0.0,0.0,0.0,0.0,0.0,0.0,0.0,0.0,0.0,0.0,0.0,0.0,0.0,0.0,0.0,0.0,0.0,1345174.0,0.0,0.0,0.0,0.0,0.0,0.0,0.0,0,0.0,0.0,337.5,337.5,337.5,0,0.9793880425041607,11.100000381469727,0,264.0,1.0,0.0,0.0,24,263.875,0.0,0.0,0.0,0.0,0.0,0.0,0.0,0.0,0.14500632505605204,1.8200622083981337,0.0,0.004166666666666667,0.0,0.0,79950.0,3207.0,0.0,0.0,0.0,0.0,0.0,0.0,0.0,0.0,0.0,0.0,0.0,0.0,0.0,0.0,0.0,0.0,0.0,0.0,0.0,0.0,0.0,240.0,0.0,0.0,0.0,0.0,0.0,1.7473329367330586,-0.14998799562454224,1108.0,2.0
12,13,1,mappo,0,1766,23510,-0.011329329063300975,-12203.015361551745,-50.84589733979894,0.31499938713386655,0.8666752707213163,0.12551020408163266,0.0030562456249754177,0.21491592889651656,1.0,374.8125,316.5,527.25,1,1,1,239,0.0,0.0,1766.0,5004.0,5004.0,80992.0,0.0,692.0,556.0,372.0,146.0,388.0,124.0,648.0,606.0,0.608154020385051,2.8335220838052093,0.2801452965717151,0.25088476619154787,0.03612451652109218,0.8229551161196408,0.9068198315598839,1.0638184078379145,13.35113981437035,0.052570098963459246,0.006503788603741174,0.6053227633069083,0.0028312570781426952,82758.0,0.0,0.0,0.0,0.0,0.0,0.0,0.0,0.0,0.0,0.0,0.0,0.0,0.0,0.0,0.0,0.0,0.0,0.0,0.0,0.0,0.0,0.0,0.0,0.0,1448436.0,0.0,0.0,0.0,0.0,0.0,0.0,0.0,0,0.0,0.0,337.5,337.5,337.5,0,0.978502409992985,13.066666603088379,0,227.0,1.0,0.0,0.0,24,292.97916666666663,0.0,0.0,0.0,0.0,0.0,0.0,0.0,0.0,0.16577733311099996,1.848025276461295,0.0,0.004166666666666667,0.0,0.0,82758.0,3617.0,0.0,0.0,0.0,0.0,0.0,0.0,0.0,0.0,0.0,0.0,0.0,0.0,0.0,0.0,0.0,0.0,0.0,0.0,0.0,0.0,0.0,240.0,0.0,0.0,0.0,0.0,0.0,1.7518989140837973,0.3338361719631337,1072.0,2.0
13,14,1,mappo,0,1771,25281,-0.011970982865022961,-20383.819020285708,-84.93257925119045,0.47942910343408585,0.85541064850986,0.12346938775510204,0.0032856802663445706,0.2664101435802877,0.9958333333333333,413.11087866108784,374.5,618.5000000000001,2,1,0,239,0.0,0.0,1772.0,5015.0,5015.0,89815.0,0.0,734.0,508.0,384.0,146.0,388.0,130.0,649.0,605.0,0.5857787810383747,2.830135440180587,0.3255071348802903,0.24898772410056122,0.03585136430569279,0.8150862616410113,0.8916770814650988,1.052350210478616,12.594928752218896,0.05966874228452552,0.006271929741296382,0.5840857787810384,0.001693002257336343,91587.0,0.0,0.0,0.0,0.0,0.0,0.0,0.0,0.0,0.0,0.0,0.0,0.0,0.0,0.0,0.0,0.0,0.0,0.0,0.0,0.0,0.0,0.0,0.0,0.0,1560601.0,0.0,0.0,0.0,0.0,0.0,0.0,0.0,0,0.0,0.0,337.5,337.5,337.5,1,0.9888755230663254,12.333333969116211,0,301.0,1.0,1.0,0.0,24,309.14583333333337,0.0,0.0,0.0,0.0,0.0,0.0,0.0,0.0,0.1899772332066798,1.8230974632843793,0.0,0.004166666666666667,0.0,0.0,91587.0,3090.0,0.0,0.0,0.0,0.0,0.0,0.0,0.0,0.0,0.0,0.0,0.0,0.0,0.0,0.0,0.0,0.0,0.0,0.0,0.0,0.0,0.0,240.0,0.0,0.0,0.004166666666666652,8773.0,9.661894273127754,1.7983746971684977,-0.14998799562454224,1037.0,1.0
14,15,1,mappo,0,1746,27027,-0.012215588794788346,-6694.322193700847,-27.893009140420194,0.21216353541240096,0.8515880890190601,0.12142857142857143,0.0008477109031446162,0.21142113395035267,1.0,348.76666666666665,306.25,481.65,0,0,0,240,0.0,0.0,1746.0,4947.0,4947.0,75079.0,0.0,652.0,571.0,390.0,133.0,376.0,133.0,643.0,594.0,0.6265750286368843,2.8333333333333335,0.30995764491177097,0.2524198151544539,0.03634554583351005,0.839574604179979,0.9104757994351501,1.0765304814283916,13.875178151933598,0.04655211670903653,0.006653097613351954,0.6231386025200458,0.003436426116838488,76825.0,0.0,0.0,0.0,0.0,0.0,0.0,0.0,0.0,0.0,0.0,0.0,0.0,0.0,0.0,0.0,0.0,0.0,0.0,0.0,0.0,0.0,0.0,0.0,0.0,1657786.0,0.0,0.0,0.0,0.0,0.0,0.0,0.0,0,0.0,0.0,337.5,337.5,337.5,0,0.9533531115514957,12.288888931274414,0,232.0,0.0,0.0,0.0,24,236.27083333333337,0.0,0.0,0.0,0.0,0.0,0.0,0.0,0.0,0.14286911816241354,1.645795918367347,0.0,0.0,0.0,0.0,76825.0,2130.0,0.0,0.0,0.0,0.0,0.0,0.0,0.0,0.0,0.0,0.0,0.0,0.0,0.0,0.0,0.0,0.0,0.0,0.0,0.0,0.0,0.0,240.0,0.0,0.0,0.0,4407.0,5.53643216080402,1.7215404730450738,-0.14998799562454224,1092.0,2.0
15,16,1,mappo,0,1747,28774,-0.009549946989864111,-13259.204633477802,-55.246685972824174,0.3888946268707514,0.8293238654732704,0.1193877551020408,0.0012809172017114179,0.22567734820768237,1.0,372.275,309.75,535.35,0,0,0,240,0.0,0.0,1747.0,4946.0,4946.0,80422.0,0.0,684.0,526.0,386.0,151.0,380.0,128.0,646.0,593.0,0.6084716657126502,2.831139095592444,0.3650500827288211,0.2514453332766711,0.03620523172012212,0.8275974375831787,0.9015379977520741,1.0512238765682138,13.290292915099679,0.04991722236169326,0.006477994570439124,0.6056096164854036,0.0028620492272467086,82169.0,0.0,0.0,0.0,0.0,0.0,0.0,0.0,0.0,0.0,0.0,0.0,0.0,0.0,0.0,0.0,0.0,0.0,0.0,0.0,0.0,0.0,0.0,0.0,0.0,1760277.0,0.0,0.0,0.0,0.0,0.0,0.0,0.0,0,0.0,0.0,337.5,337.5,337.5,0,0.9722879806128059,13.022222518920898,0,251.0,0.0,0.0,0.0,24,309.125,0.0,0.0,0.0,0.0,0.0,0.0,0.0,0.0,0.17454899118781664,1.9175948345439864,0.0,0.0,0.0,0.0,82169.0,2671.0,0.0,0.0,0.0,0.0,0.0,0.0,0.0,0.0,0.0,0.0,0.0,0.0,0.0,0.0,0.0,0.0,0.0,0.0,0.0,0.0,0.0,240.0,0.0,0.0,0.0,20347.0,24.455528846153847,1.7311857571686322,-0.14998799562454224,1061.0,2.0
16,17,1,mappo,0,1734,30508,-0.002228658486274071,-6189.447138770955,-25.78936307821231,0.18993888283148408,0.8142989799380302,0.1173469387755102,0.002444161635594355,0.19057395216077566,1.0,356.3875,307.25,498.45,0,0,0,240,0.0,0.0,1734.0,4894.0,4894.0,77041.0,0.0,622.0,554.0,398.0,160.0,375.0,135.0,647.0,577.0,0.6412918108419838,2.82237600922722,0.3917774523005766,0.25308535023320644,0.03644137520820005,0.834695941422429,0.9094253575752651,1.0882345692129476,14.19955557192898,0.04579830993426686,0.006762050743917803,0.6366782006920415,0.00461361014994233,78775.0,0.0,0.0,0.0,0.0,0.0,0.0,0.0,0.0,0.0,0.0,0.0,0.0,0.0,0.0,0.0,0.0,0.0,0.0,0.0,0.0,0.0,0.0,0.0,0.0,1859221.0,0.0,0.0,0.0,0.0,0.0,0.0,0.0,0,0.0,0.0,337.5,337.5,337.5,0,0.9390708647128209,10.55555534362793,0,233.0,0.0,0.0,0.0,24,261.375,0.0,0.0,0.0,0.0,0.0,0.0,0.0,0.0,0.14520302105620053,1.8004882017900727,0.0,0.0,0.0,0.0,78775.0,1424.0,0.0,0.0,0.0,0.0,0.0,0.0,0.0,0.0,0.0,0.0,0.0,0.0,0.0,0.0,0.0,0.0,0.0,0.0,0.0,0.0,0.0,240.0,0.0,0.0,0.0,0.0,0.0,1.7002691162220722,-0.14998799562454224,1110.0,2.0
17,18,1,mappo,0,1731,32239,-0.004371603223262355,-12566.813875377575,-52.361724480739895,0.460491175763309,0.8082106560468674,0.11530612244897959,0.00012748291874231654,0.20877560460940003,1.0,370.79583333333335,317.25,568.6,0,0,0,240,0.0,0.0,1731.0,4887.0,4887.0,80346.0,0.0,649.0,518.0,374.0,190.0,373.0,130.0,658.0,570.0,0.6250722125938764,2.8232235701906414,0.39562504955931665,0.2524443948151816,0.03634908504338622,0.8287579070920353,0.9036698481767449,1.0492213780923854,13.485922379551562,0.04653064423233249,0.006558660221233728,0.6175621028307337,0.007510109763142692,82077.0,0.0,0.0,0.0,0.0,0.0,0.0,0.0,0.0,0.0,0.0,0.0,0.0,0.0,0.0,0.0,0.0,0.0,0.0,0.0,0.0,0.0,0.0,0.0,0.0,1961397.0,0.0,0.0,0.0,0.0,0.0,0.0,0.0,0,0.0,0.0,337.5,337.5,337.5,0,0.9662835934355855,12.699999809265137,0,310.0,0.0,0.0,0.0,24,311.04166666666663,0.0,0.0,0.0,0.0,0.0,0.0,0.0,0.0,0.1677904694482213,1.938770685579196,0.0,0.0,0.0,0.0,82077.0,1633.0,0.0,0.0,0.0,0.0,0.0,0.0,0.0,0.0,0.0,0.0,0.0,0.0,0.0,0.0,0.0,0.0,0.0,0.0,0.0,0.0,0.0,240.0,0.0,0.0,0.0,15989.0,19.148502994011977,1.6819464643233037,-0.14998799562454224,1080.0,2.0
18,19,1,mappo,0,1727,33966,-0.003462914224655833,-4043.9453517849934,-16.84977229910414,0.1765265935100615,0.8134139478206635,0.11326530612244898,0.003327810235077777,0.22509509976953268,1.0,359.65,308.0,537.4999999999999,0,0,0,240,0.0,0.0,1727.0,4904.0,4904.0,78115.0,0.0,610.0,595.0,400.0,122.0,354.0,149.0,644.0,580.0,0.6467863346844238,2.8396062536189923,0.4169856929406308,0.25420526772323343,0.03660263042879729,0.8457467163425989,0.9264181128751053,1.0438284516019276,14.392594461435518,0.03411595473063922,0.006808756517110516,0.6346265199768385,0.012159814707585408,79842.0,0.0,0.0,0.0,0.0,0.0,0.0,0.0,0.0,0.0,0.0,0.0,0.0,0.0,0.0,0.0,0.0,0.0,0.0,0.0,0.0,0.0,0.0,0.0,0.0,2061447.0,0.0,0.0,0.0,0.0,0.0,0.0,0.0,0,0.0,0.0,337.5,337.5,337.5,0,0.9592537091478968,7.983333587646484,0,197.0,0.0,0.0,0.0,24,309.35416666666663,0.0,0.0,0.0,0.0,0.0,0.0,0.0,0.0,0.15810935013979632,1.9918019480519473,0.0,0.0,0.0,0.0,79842.0,1800.0,0.0,0.0,0.0,0.0,0.0,0.0,0.0,0.0,0.0,0.0,0.0,0.0,0.0,0.0,0.0,0.0,0.0,0.0,0.0,0.0,0.0,240.0,0.0,0.0,0.0,0.0,0.0,1.6161707471472027,0.33067642369904227,1115.0,2.0
19,20,1,mappo,0,1733,35699,-0.0046449443470919505,-4089.3272538281994,-17.038863557617496,0.09691225923597813,0.8245122469961643,0.11122448979591837,0.0014701877997822521,0.19082502089440823,1.0,350.6375,302.0,490.15,0,0,0,240,0.0,0.0,1733.0,4913.0,4913.0,75785.0,0.0,605.0,587.0,411.0,130.0,376.0,125.0,641.0,591.0,0.6508944027697634,2.8349682631275246,0.3862974976210393,0.25456578028267407,0.03665454008396708,0.8345146486143363,0.914833187920445,1.0868473453678404,14.602408898887921,0.04089003197195902,0.006879879866726875,0.6480092325447201,0.0028851702250432777,77518.0,0.0,0.0,0.0,0.0,0.0,0.0,0.0,0.0,0.0,0.0,0.0,0.0,0.0,0.0,0.0,0.0,0.0,0.0,0.0,0.0,0.0,0.0,0.0,0.0,2159167.0,0.0,0.0,0.0,0.0,0.0,0.0,0.0,0,0.0,0.0,337.5,337.5,337.5,0,0.9665444220986632,9.783332824707031,0,221.0,0.0,0.0,0.0,24,240.60416666666663,0.0,0.0,0.0,0.0,0.0,0.0,0.0,0.0,0.13759917451942694,1.7554635761589403,0.0,0.0,0.0,0.0,77518.0,2250.0,0.0,0.0,0.0,0.0,0.0,0.0,0.0,0.0,0.0,0.0,0.0,0.0,0.0,0.0,0.0,0.0,0.0,0.0,0.0,0.0,0.0,240.0,0.0,0.0,0.0,3174.0,4.022813688212928,1.6713899179397447,-0.14998799562454224,1127.0,1.0
20,21,1,mappo,0,1741,37440,-0.0021676410378859146,-3761.048809482851,-15.671036706178546,0.08234789711423218,0.814094040542841,0.10918367346938776,0.0013761393606728234,0.16090683359652758,1.0,349.9,324.75,469.34999999999997,1,1,1,239,0.0,0.0,1741.0,4936.0,4936.0,75622.0,0.0,606.0,564.0,425.0,146.0,373.0,134.0,641.0,593.0,0.6519241815048823,2.8351522113727743,0.39768233849939294,0.25329192832651526,0.03647112005830479,0.8333380718106732,0.9174420986493589,1.0554592779908856,14.22516820076072,0.03854774302102611,0.0067767962644678876,0.6456059735784032,0.006318207926479035,77363.0,0.0,0.0,0.0,0.0,0.0,0.0,0.0,0.0,0.0,0.0,0.0,0.0,0.0,0.0,0.0,0.0,0.0,0.0,0.0,0.0,0.0,0.0,0.0,0.0,2256833.0,0.0,0.0,0.0,0.0,0.0,0.0,0.0,0,0.0,0.0,337.5,337.5,337.5,0,0.9687366573366859,10.765000057220456,0,226.0,1.0,0.0,0.0,24,217.04166666666663,0.0,0.0,0.0,0.0,0.0,0.0,0.0,0.0,0.12228722095201805,1.6169361046959196,0.0,0.004166666666666667,0.0,0.0,77363.0,2385.0,0.0,0.0,0.0,0.0,0.0,0.0,0.0,0.0,0.0,0.0,0.0,0.0,0.0,0.0,0.0,0.0,0.0,0.0,0.0,0.0,0.0,240.0,0.0,0.0,0.0,3697.0,4.697585768742059,1.6236789460856937,-0.14998799562454224,1132.0,3.0
21,22,1,mappo,0,1730,39170,-0.0021729121799580753,-5693.592648743541,-23.72330270309809,0.1590373064391315,0.8044513054192066,0.10714285714285715,0.001184306249342626,0.19842592091299593,1.0,358.075,306.25,509.75,0,0,0,240,0.0,0.0,1730.0,4901.0,4901.0,77325.0,0.0,604.0,570.0,440.0,116.0,358.0,149.0,647.0,576.0,0.6508670520231213,2.8329479768786126,0.4056756541908132,0.2540968192665908,0.03658701511143002,0.8345330557619044,0.9143830424454602,1.0737931049901672,14.565308245620287,0.039058983847745636,0.006856519617086668,0.6433526011560694,0.007514450867052023,79055.0,0.0,0.0,0.0,0.0,0.0,0.0,0.0,0.0,0.0,0.0,0.0,0.0,0.0,0.0,0.0,0.0,0.0,0.0,0.0,0.0,0.0,0.0,0.0,0.0,2356086.0,0.0,0.0,0.0,0.0,0.0,0.0,0.0,0,0.0,0.0,337.5,337.5,337.5,0,0.952069916150951,10.666666984558105,0,256.0,0.0,0.0,0.0,24,259.875,0.0,0.0,0.0,0.0,0.0,0.0,0.0,0.0,0.1437481091019106,1.7764081632653057,0.0,0.0,0.0,0.0,79055.0,1749.0,0.0,0.0,0.0,0.0,0.0,0.0,0.0,0.0,0.0,0.0,0.0,0.0,0.0,0.0,0.0,0.0,0.0,0.0,0.0,0.0,0.0,240.0,0.0,0.0,0.0,5554.0,6.806372549019608,1.651388497447657,-0.14998799562454224,1125.0,1.0
22,23,1,mappo,0,1728,40898,-0.0024571593676228076,-5514.817848742537,-22.978407703093904,0.17734084045514464,0.7863574922084808,0.10510204081632653,0.001019788469420746,0.14424642082303762,1.0,350.7708333333333,313.25,472.55,0,0,0,240,0.0,0.0,1728.0,4891.0,4891.0,75624.0,0.0,602.0,586.0,374.0,166.0,377.0,120.0,650.0,581.0,0.6516203703703703,2.830439814814815,0.46300493633046885,0.25436921141765734,0.03662623640061442,0.83241451870843,0.91270205773051,1.0732565918313701,14.269691250390476,0.04215928660655571,0.006772673564848862,0.6469907407407407,0.004629629629629629,77352.0,0.0,0.0,0.0,0.0,0.0,0.0,0.0,0.0,0.0,0.0,0.0,0.0,0.0,0.0,0.0,0.0,0.0,0.0,0.0,0.0,0.0,0.0,0.0,0.0,2453525.0,0.0,0.0,0.0,0.0,0.0,0.0,0.0,0,0.0,0.0,337.5,337.5,337.5,0,0.9706919687919344,11.44444465637207,0,240.0,0.0,0.0,0.0,24,221.20833333333337,0.0,0.0,0.0,0.0,0.0,0.0,0.0,0.0,0.12917641701807536,1.7,0.0,0.0,0.0,0.0,77352.0,1591.0,0.0,0.0,0.0,0.0,0.0,0.0,0.0,0.0,0.0,0.0,0.0,0.0,0.0,0.0,0.0,0.0,0.0,0.0,0.0,0.0,0.0,240.0,0.0,0.0,0.0,960.0,1.2213740458015268,1.6502556643023636,-0.14998799562454224,1124.0,2.0
23,24,1,mappo,0,1729,42627,-0.004767011705553159,-2091.292888289502,-8.713720367872925,0.0755906713893637,0.7862162385135889,0.1030612244897959,0.004130904333464969,0.16751051077153534,1.0,340.2,318.25,432.05,0,0,0,240,0.0,0.0,1729.0,4901.0,4901.0,73430.0,0.0,593.0,590.0,403.0,143.0,382.0,113.0,643.0,591.0,0.6570271833429728,2.8345864661654137,0.48378239279023616,0.2551077195998559,0.03673257310473467,0.8375865405699062,0.9164779106301281,1.0770254227388667,14.604961794880237,0.0390308326898781,0.006872652474608474,0.6500867553499132,0.006940427993059572,75159.0,0.0,0.0,0.0,0.0,0.0,0.0,0.0,0.0,0.0,0.0,0.0,0.0,0.0,0.0,0.0,0.0,0.0,0.0,0.0,0.0,0.0,0.0,0.0,0.0,2548782.0,0.0,0.0,0.0,0.0,0.0,0.0,0.0,0,0.0,0.0,337.5,337.5,337.5,0,0.9632965165675446,9.0,0,221.0,0.0,0.0,0.0,24,169.85416666666669,0.0,0.0,0.0,0.0,0.0,0.0,0.0,0.0,0.10897730705793984,1.4658287509819325,0.0,0.0,0.0,0.0,75159.0,2161.0,0.0,0.0,0.0,0.0,0.0,0.0,0.0,0.0,0.0,0.0,0.0,0.0,0.0,0.0,0.0,0.0,0.0,0.0,0.0,0.0,0.0,240.0,0.0,0.0,0.0,768.0,0.9986996098829649,1.640816690670595,-0.14998799562454224,1135.0,1.0
24,25,1,mappo,0,1719,44346,-0.003781579274800606,-4342.939099593416,-18.095579581639235,0.15492258267477155,0.7845304924994707,0.1010204081632653,0.0011537627469806466,0.1805416577262804,1.0,355.0125,310.25,518.1999999999999,0,0,0,240,0.0,0.0,1719.0,4878.0,4878.0,76807.0,0.0,601.0,573.0,428.0,117.0,356.0,140.0,650.0,573.0,0.6503781268179174,2.837696335078534,0.4690201781677118,0.2550865313804309,0.03672952224880266,0.8355838085593544,0.9149635735350792,1.0688871861738316,14.501457168585759,0.038829426170834895,0.00684850319986024,0.6422338568935427,0.008144269924374637,78526.0,0.0,0.0,0.0,0.0,0.0,0.0,0.0,0.0,0.0,0.0,0.0,0.0,0.0,0.0,0.0,0.0,0.0,0.0,0.0,0.0,0.0,0.0,0.0,0.0,2647391.0,0.0,0.0,0.0,0.0,0.0,0.0,0.0,0,0.0,0.0,337.5,337.5,337.5,0,0.9719861578662398,9.917499780654872,0,201.0,0.0,0.0,0.0,24,269.3125,0.0,0.0,0.0,0.0,0.0,0.0,0.0,0.0,0.1371423737035864,1.8440773569701854,0.0,0.0,0.0,0.0,78526.0,947.0,0.0,0.0,0.0,0.0,0.0,0.0,0.0,0.0,0.0,0.0,0.0,0.0,0.0,0.0,0.0,0.0,0.0,0.0,0.0,0.0,0.0,240.0,0.0,0.0,0.0,0.0,0.0,1.6466998647169047,-0.14998799562454224,1116.0,2.0
25,26,1,mappo,0,1708,46054,-0.003501944287563674,-3216.079040467194,-13.400329335279974,0.09322795271873474,0.7541687786579132,0.09897959183673469,0.004054692769841495,0.1574707026593387,1.0,352.62916666666666,314.5,522.4,0,0,0,240,0.0,0.0,1708.0,4840.0,4840.0,76574.0,0.0,562.0,629.0,383.0,134.0,355.0,143.0,641.0,569.0,0.6709601873536299,2.8337236533957846,0.5691162819867251,0.25594993995227777,0.036853843090501756,0.837446163192531,0.9215198151060583,1.0895736330218995,14.963673568162761,0.03593295885712247,0.00698888046186532,0.6686182669789227,0.00234192037470726,78282.0,0.0,0.0,0.0,0.0,0.0,0.0,0.0,0.0,0.0,0.0,0.0,0.0,0.0,0.0,0.0,0.0,0.0,0.0,0.0,0.0,0.0,0.0,0.0,0.0,2745673.0,0.0,0.0,0.0,0.0,0.0,0.0,0.0,0,0.0,0.0,337.5,337.5,337.5,0,0.9766889524872637,7.513333320617671,0,198.0,0.0,0.0,0.0,24,245.83333333333337,0.0,0.0,0.0,0.0,0.0,0.0,0.0,0.0,0.1385241519065119,1.74181240063593,0.0,0.0,0.0,0.0,78282.0,1296.0,0.0,0.0,0.0,0.0,0.0,0.0,0.0,0.0,0.0,0.0,0.0,0.0,0.0,0.0,0.0,0.0,0.0,0.0,0.0,0.0,0.0,240.0,0.0,0.0,0.0,0.0,0.0,1.6254513128358332,-0.14998799562454224,1145.0,1.0
26,27,1,mappo,0,1710,47764,-0.00683976718573831,-5656.177839535091,-23.567407664729547,0.16966485604643822,0.7660114225000143,0.09693877551020408,-7.937484406284057e-05,0.17160840914584696,1.0,373.45416666666665,317.5,562.6,0,0,0,240,0.0,0.0,1710.0,4844.0,4844.0,81170.0,0.0,597.0,589.0,413.0,111.0,351.0,150.0,643.0,566.0,0.6508771929824562,2.832748538011696,0.5333149728283547,0.2553289458852762,0.036764427133405594,0.8282113237148532,0.9134532003777853,1.0697949000472675,14.767239148156685,0.03738147656070506,0.006908329270026292,0.6380116959064327,0.012865497076023392,82880.0,0.0,0.0,0.0,0.0,0.0,0.0,0.0,0.0,0.0,0.0,0.0,0.0,0.0,0.0,0.0,0.0,0.0,0.0,0.0,0.0,0.0,0.0,0.0,0.0,2848613.0,0.0,0.0,0.0,0.0,0.0,0.0,0.0,0,0.0,0.0,337.5,337.5,337.5,0,1.0029126770253998,10.166666984558105,0,189.0,0.0,0.0,0.0,24,290.27083333333337,0.0,0.0,0.0,0.0,0.0,0.0,0.0,0.0,0.15625062758705321,1.881102362204724,0.0,0.0,0.0,0.0,82880.0,1028.0,0.0,0.0,0.0,0.0,0.0,0.0,0.0,0.0,0.0,0.0,0.0,0.0,0.0,0.0,0.0,0.0,0.0,0.0,0.0,0.0,0.0,240.0,0.0,0.0,0.0,10153.0,12.472972972972974,1.6443686494944287,0.8113408430226268,1112.0,1.0
27,28,1,mappo,0,1704,49468,-0.0060514788929140195,-3397.5896397239744,-14.156623498849893,0.1319810375571251,0.7541134245693684,0.09489795918367347,0.0038833955218251504,0.25427246326580644,1.0,359.70416666666665,308.0,527.6999999999999,1,1,1,239,0.0,0.0,1704.0,4852.0,4852.0,78296.0,0.0,564.0,610.0,405.0,125.0,348.0,145.0,630.0,581.0,0.6690140845070423,2.847417840375587,0.6003494146126956,0.2568992062432455,0.03699052650230049,0.8248700716143622,0.9169322514582421,1.0508036848034912,15.188925190710686,0.030203664119171,0.007048607420657117,0.6502347417840375,0.018779342723004695,80000.0,0.0,0.0,0.0,0.0,0.0,0.0,0.0,0.0,0.0,0.0,0.0,0.0,0.0,0.0,0.0,0.0,0.0,0.0,0.0,0.0,0.0,0.0,0.0,0.0,2948682.0,0.0,0.0,0.0,0.0,0.0,0.0,0.0,0,0.0,0.0,337.5,337.5,337.5,0,0.9872653290962604,6.1866666793823235,0,263.0,1.0,0.0,0.0,24,295.22916666666663,0.0,0.0,0.0,0.0,0.0,0.0,0.0,0.0,0.1525327526092044,1.9254870129870127,0.0,0.004166666666666667,0.0,0.0,80000.0,2175.0,0.0,0.0,0.0,0.0,0.0,0.0,0.0,0.0,0.0,0.0,0.0,0.0,0.0,0.0,0.0,0.0,0.0,0.0,0.0,0.0,0.0,240.0,0.0,0.0,0.0,378.0,0.4748743718592965,1.5721856601411532,-0.14998799562454224,1139.0,1.0
28,29,1,mappo,0,1701,51169,-0.0010167684959014878,-4560.336225272697,-19.00140093863624,0.1007158097345382,0.7600508853793144,0.09285714285714286,0.0010909012944466667,0.2287982339039445,1.0,358.87916666666666,315.25,532.85,0,0,0,240,0.0,0.0,1701.0,4814.0,4814.0,78049.0,0.0,547.0,561.0,455.0,138.0,349.0,145.0,653.0,554.0,0.678424456202234,2.8300999412110524,0.5785754851948718,0.25691872287206546,0.03699333663002699,0.8271040048856487,0.9185546176953746,1.0720000818332633,15.268619237122712,0.03170679599668315,0.0070709147191228275,0.6578483245149912,0.0205761316872428,79750.0,0.0,0.0,0.0,0.0,0.0,0.0,0.0,0.0,0.0,0.0,0.0,0.0,0.0,0.0,0.0,0.0,0.0,0.0,0.0,0.0,0.0,0.0,0.0,0.0,3048323.0,0.0,0.0,0.0,0.0,0.0,0.0,0.0,0,0.0,0.0,337.5,337.5,337.5,0,0.983759767121189,6.6666669845581055,0,199.0,0.0,0.0,0.0,24,254.52083333333337,0.0,0.0,0.0,0.0,0.0,0.0,0.0,0.0,0.13986819495884184,1.795796986518636,0.0,0.0,0.0,0.0,79750.0,487.0,0.0,0.0,0.0,0.0,0.0,0.0,0.0,0.0,0.0,0.0,0.0,0.0,0.0,0.0,0.0,0.0,0.0,0.0,0.0,0.0,0.0,240.0,0.0,0.0,0.0,0.0,0.0,1.5816323739757203,-0.14998799562454224,1153.0,1.0
29,30,1,mappo,0,1700,52869,-0.0009806770831346512,-5988.16064588162,-24.950669357840084,0.07640409888699651,0.7595975119620562,0.09081632653061225,0.0028910481805723975,0.21145555225666612,1.0,359.60833333333335,352.25,456.5999999999999,0,0,0,240,0.0,0.0,1700.0,4785.0,4785.0,78131.0,0.0,578.0,612.0,364.0,146.0,378.0,117.0,647.0,558.0,0.66,2.8147058823529414,0.5594738052040339,0.25604779264944444,0.036867932736983196,0.8332476010020164,0.9144422222156188,1.06850535213603,14.8541052607929,0.03591629809361794,0.006944427222441948,0.6405882352941177,0.019411764705882354,79831.0,0.0,0.0,0.0,0.0,0.0,0.0,0.0,0.0,0.0,0.0,0.0,0.0,0.0,0.0,0.0,0.0,0.0,0.0,0.0,0.0,0.0,0.0,0.0,0.0,3147913.0,0.0,0.0,0.0,0.0,0.0,0.0,0.0,0,0.0,0.0,337.5,337.5,337.5,0,0.991302400678837,7.083333492279053,0,188.0,0.0,0.0,0.0,24,155.9375,0.0,0.0,0.0,0.0,0.0,0.0,0.0,0.0,0.09856880363667253,1.425124201561391,0.0,0.0,0.0,0.0,79831.0,683.0,0.0,0.0,0.0,0.0,0.0,0.0,0.0,0.0,0.0,0.0,0.0,0.0,0.0,0.0,0.0,0.0,0.0,0.0,0.0,0.0,0.0,240.0,0.0,0.0,0.0,12294.0,15.522727272727273,1.6205255010052413,-0.14998799562454224,1121.0,1.0
30,31,1,mappo,0,1703,54572,-0.007053468958474696,-3070.8068762947923,-12.795028651228302,0.10130500397644937,0.7434349451214075,0.08877551020408163,0.0009229109045918449,0.16938096703961492,1.0,350.65416666666664,312.75,485.1,0,0,0,240,0.0,0.0,1703.0,4826.0,4826.0,76119.0,0.0,575.0,612.0,388.0,128.0,360.0,134.0,638.0,571.0,0.6623605402231356,2.8338226658837344,0.5619844588343353,0.25657295798352375,0.0369435505098234,0.8369146864620627,0.9177631398778314,1.0326535439595685,15.081588003961604,0.02609193903876197,0.007022015405146598,0.6376981796829125,0.024662360540223135,77822.0,0.0,0.0,0.0,0.0,0.0,0.0,0.0,0.0,0.0,0.0,0.0,0.0,0.0,0.0,0.0,0.0,0.0,0.0,0.0,0.0,0.0,0.0,0.0,0.0,3245675.0,0.0,0.0,0.0,0.0,0.0,0.0,0.0,0,0.0,0.0,337.5,337.5,337.5,0,0.9822406004254606,8.4212502002716,0,194.0,0.0,0.0,0.0,24,234.02083333333337,0.0,0.0,0.0,0.0,0.0,0.0,0.0,0.0,0.12277761604303072,1.7593125499600317,0.0,0.0,0.0,0.0,77822.0,1090.0,0.0,0.0,0.0,0.0,0.0,0.0,0.0,0.0,0.0,0.0,0.0,0.0,0.0,0.0,0.0,0.0,0.0,0.0,0.0,0.0,0.0,240.0,0.0,0.0,0.0,2682.0,3.4340588988476313,1.5605669683751286,-0.14998799562454224,1127.0,1.0
31,32,1,mappo,0,1700,56272,-0.0012653496087295935,-2808.1571576097904,-11.700654823374126,0.12179085053503513,0.7349180337041616,0.08673469387755102,0.00418614992622679,0.21657655015587807,1.0,352.96666666666664,308.0,491.79999999999995,0,0,0,240,0.0,0.0,1700.0,4823.0,4823.0,76700.0,0.0,568.0,623.0,392.0,117.0,350.0,145.0,637.0,568.0,0.6658823529411765,2.8370588235294116,0.6456580328415422,0.25716176323592665,0.037028331672772766,0.833832402380512,0.9190970329885535,1.0688480269483727,15.41523682089413,0.0293273706298913,0.007111157752765103,0.6529411764705882,0.012941176470588235,78400.0,0.0,0.0,0.0,0.0,0.0,0.0,0.0,0.0,0.0,0.0,0.0,0.0,0.0,0.0,0.0,0.0,0.0,0.0,0.0,0.0,0.0,0.0,0.0,0.0,3344036.0,0.0,0.0,0.0,0.0,0.0,0.0,0.0,0,0.0,0.0,337.5,337.5,337.5,0,0.978936382181318,5.532361149787903,0,190.0,0.0,0.0,0.0,24,267.95833333333337,0.0,0.0,0.0,0.0,0.0,0.0,0.0,0.0,0.1353101784084112,1.861282467532467,0.0,0.0,0.0,0.0,78400.0,1053.0,0.0,0.0,0.0,0.0,0.0,0.0,0.0,0.0,0.0,0.0,0.0,0.0,0.0,0.0,0.0,0.0,0.0,0.0,0.0,0.0,0.0,240.0,0.0,0.0,0.0,0.0,0.0,1.6067123199008468,-0.14998799562454224,1131.0,1.0
32,33,1,mappo,0,1706,57978,-0.008562320363125764,-6012.325615934575,-25.05135673306073,0.217177843907848,0.7460021674633026,0.08469387755102041,0.0015812497777005774,0.20027286442928016,1.0,368.475,317.0,577.05,0,0,0,240,0.0,0.0,1706.0,4834.0,4834.0,80170.0,0.0,586.0,557.0,412.0,151.0,343.0,155.0,651.0,557.0,0.6565064478311841,2.8335287221570926,0.6377820928710985,0.2556565049970206,0.03681159183898327,0.8274193862966258,0.9147329496783133,1.0550891418713104,14.77021293371811,0.0353436385879138,0.006923151905187444,0.6348182883939039,0.021688159437280186,81876.0,0.0,0.0,0.0,0.0,0.0,0.0,0.0,0.0,0.0,0.0,0.0,0.0,0.0,0.0,0.0,0.0,0.0,0.0,0.0,0.0,0.0,0.0,0.0,0.0,3445873.0,0.0,0.0,0.0,0.0,0.0,0.0,0.0,0,0.0,0.0,337.5,337.5,337.5,0,0.9860041030316846,9.966666221618652,0,244.0,0.0,0.0,0.0,24,302.3125,0.0,0.0,0.0,0.0,0.0,0.0,0.0,0.0,0.1555719990802935,1.9324921135646682,0.0,0.0,0.0,0.0,81876.0,783.0,0.0,0.0,0.0,0.0,0.0,0.0,0.0,0.0,0.0,0.0,0.0,0.0,0.0,0.0,0.0,0.0,0.0,0.0,0.0,0.0,0.0,240.0,0.0,0.0,0.0,18862.0,23.03052503052503,1.6102701717564443,-0.14998799562454224,1118.0,2.0
33,34,1,mappo,0,1699,59677,-0.00824509363155812,-3063.7735106331966,-12.765722960971653,0.11746075528208166,0.735520601272583,0.0826530612244898,0.0010112136696989182,0.1972364168614149,1.0,353.2291666666667,308.75,505.34999999999997,0,0,0,240,0.0,0.0,1699.0,4830.0,4830.0,76795.0,0.0,552.0,614.0,417.0,116.0,341.0,150.0,643.0,565.0,0.6751030017657446,2.8428487345497353,0.6953959960913644,0.2573425529668302,0.03705436329446676,0.8379708695553765,0.917119161902832,1.0378927829845481,15.307780130250514,0.025790188111934554,0.007082700027248032,0.6415538552089465,0.033549146556798116,78494.0,0.0,0.0,0.0,0.0,0.0,0.0,0.0,0.0,0.0,0.0,0.0,0.0,0.0,0.0,0.0,0.0,0.0,0.0,0.0,0.0,0.0,0.0,0.0,0.0,3544310.0,0.0,0.0,0.0,0.0,0.0,0.0,0.0,0,0.0,0.0,337.5,337.5,337.5,0,0.9732472216002169,7.0483332633972156,0,203.0,0.0,0.0,0.0,24,278.4375,0.0,0.0,0.0,0.0,0.0,0.0,0.0,0.0,0.14423719650054068,1.9125506072874494,0.0,0.0,0.0,0.0,78494.0,1221.0,0.0,0.0,0.0,0.0,0.0,0.0,0.0,0.0,0.0,0.0,0.0,0.0,0.0,0.0,0.0,0.0,0.0,0.0,0.0,0.0,0.0,240.0,0.0,0.0,0.0,2485.0,3.1376262626262625,1.5388567419601848,-0.14998799562454224,1146.0,1.0
34,35,1,mappo,0,1706,61383,-0.00904055594583042,-5273.645708138687,-21.973523783911197,0.13735373551025987,0.7351659145206213,0.08061224489795918,3.610528619901743e-05,0.17882654606364667,1.0,355.71666666666664,307.5,525.0,0,0,0,240,0.0,0.0,1706.0,4838.0,4838.0,77040.0,0.0,569.0,587.0,395.0,155.0,342.0,153.0,654.0,557.0,0.6664712778429074,2.835873388042204,0.6657156714817983,0.2563965401862249,0.0369181483956698,0.8296332794715457,0.9121264539667758,1.0153730960569287,15.05506704029696,0.024844333046873345,0.006999583844417973,0.6271981242672919,0.03927315357561548,78746.0,0.0,0.0,0.0,0.0,0.0,0.0,0.0,0.0,0.0,0.0,0.0,0.0,0.0,0.0,0.0,0.0,0.0,0.0,0.0,0.0,0.0,0.0,0.0,0.0,3643005.0,0.0,0.0,0.0,0.0,0.0,0.0,0.0,0,0.0,0.0,337.5,337.5,337.5,0,0.9266987812728927,10.25,0,208.0,0.0,0.0,0.0,25,284.55999999999995,0.0,0.0,0.0,0.0,0.0,0.0,0.0,0.0,0.14303694419716062,1.9478861788617876,0.0,0.0,0.0,0.0,78746.0,726.0,0.0,0.0,0.0,0.0,0.0,0.0,0.0,0.0,0.0,0.0,0.0,0.0,0.0,0.0,0.0,0.0,0.0,0.0,0.0,0.0,0.0,240.0,0.0,0.0,0.0,14060.0,16.71819262782402,1.5249793044619233,-0.14998799562454224,1136.0,1.0
35,36,1,mappo,0,1704,63087,-0.008463096310151741,-2972.682306454855,-12.38617627689523,0.15608244016766548,0.7197623867541552,0.07857142857142857,0.0039407858575941646,0.15829322556965053,1.0,344.98333333333335,322.75,471.84999999999997,0,0,0,240,0.0,0.0,1704.0,4809.0,4809.0,74706.0,0.0,574.0,605.0,364.0,161.0,371.0,125.0,644.0,564.0,0.6631455399061033,2.8221830985915495,0.6435100428165405,0.25638204077127535,0.03691606060601771,0.8398327686115574,0.9211850893719804,1.08956670355619,15.114987446388728,0.0351625385825379,0.007026062236239482,0.6566901408450704,0.006455399061032864,76410.0,0.0,0.0,0.0,0.0,0.0,0.0,0.0,0.0,0.0,0.0,0.0,0.0,0.0,0.0,0.0,0.0,0.0,0.0,0.0,0.0,0.0,0.0,0.0,0.0,3739270.0,0.0,0.0,0.0,0.0,0.0,0.0,0.0,0,0.0,0.0,337.5,337.5,337.5,0,0.9696141864366163,10.600000381469727,0,214.0,0.0,0.0,0.0,24,201.0,0.0,0.0,0.0,0.0,0.0,0.0,0.0,0.0,0.11796956777300038,1.5697908597986057,0.0,0.0,0.0,0.0,76410.0,788.0,0.0,0.0,0.0,0.0,0.0,0.0,0.0,0.0,0.0,0.0,0.0,0.0,0.0,0.0,0.0,0.0,0.0,0.0,0.0,0.0,0.0,240.0,0.0,0.0,0.0,15285.0,19.621309370988445,1.6462071266409546,-0.14998799562454224,1128.0,2.0
36,37,1,mappo,0,1700,64787,0.000520076253451407,-7090.812512659491,-29.545052136081214,0.28484569676220417,0.711884519085288,0.07653061224489796,0.0017330559296908632,0.1753078531473875,1.0,380.40833333333336,331.25,589.05,0,0,0,240,0.0,0.0,1700.0,4880.0,4880.0,83274.0,0.0,491.0,563.0,508.0,138.0,293.0,200.0,641.0,566.0,0.7111764705882353,2.8705882352941177,0.9131955904141068,0.2580220573965241,0.03715220410431571,0.8135787143098081,0.9176761014814324,0.9625023075828733,15.701096294907963,0.008498171168553654,0.007211645418995255,0.6417647058823529,0.06941176470588235,84974.0,0.0,0.0,0.0,0.0,0.0,0.0,0.0,0.0,0.0,0.0,0.0,0.0,0.0,0.0,0.0,0.0,0.0,0.0,0.0,0.0,0.0,0.0,0.0,0.0,3844462.0,0.0,0.0,0.0,0.0,0.0,0.0,0.0,0,0.0,0.0,337.5,337.5,337.5,0,0.9872738118910319,6.722222328186035,0,195.0,0.0,0.0,0.0,24,357.25,0.0,0.0,0.0,0.0,0.0,0.0,0.0,0.0,0.17312984220172778,2.109132075471698,0.0,0.0,0.0,0.0,84974.0,1609.0,0.0,0.0,0.0,0.0,0.0,0.0,0.0,0.0,0.0,0.0,0.0,0.0,0.0,0.0,0.0,0.0,0.0,0.0,0.0,0.0,0.0,240.0,0.0,0.0,0.0,3403.0,4.027218934911242,1.3533944771636761,0.0,1209.0,0.0
37,38,1,mappo,0,1708,66495,-0.014863385309581645,-5246.362637605202,-21.859844323355006,0.15961104724556208,0.7100839279592037,0.07448979591836735,0.00016954914804045984,0.17097366694360971,1.0,362.9583333333333,317.25,508.84999999999997,0,0,0,240,0.0,0.0,1708.0,4863.0,4863.0,79097.0,0.0,524.0,612.0,420.0,152.0,326.0,172.0,647.0,563.0,0.6932084309133489,2.8471896955503513,0.7779704580035506,0.25707698918756894,0.03701612519196276,0.8319918688526268,0.9189781985821996,1.0054374773164616,15.56432807054676,0.01467059115000971,0.007182338883494478,0.639344262295082,0.053864168618266976,80805.0,0.0,0.0,0.0,0.0,0.0,0.0,0.0,0.0,0.0,0.0,0.0,0.0,0.0,0.0,0.0,0.0,0.0,0.0,0.0,0.0,0.0,0.0,0.0,0.0,3945340.0,0.0,0.0,0.0,0.0,0.0,0.0,0.0,0,0.0,0.0,337.5,337.5,337.5,0,0.9565814660511204,8.25,0,211.0,0.0,0.0,0.0,24,315.54166666666663,0.0,0.0,0.0,0.0,0.0,0.0,0.0,0.0,0.14896070102934988,1.989125295508274,0.0,0.0,0.0,0.0,80805.0,836.0,0.0,0.0,0.0,0.0,0.0,0.0,0.0,0.0,0.0,0.0,0.0,0.0,0.0,0.0,0.0,0.0,0.0,0.0,0.0,0.0,0.0,240.0,0.0,0.0,0.0,13335.0,16.08564535585042,1.4504114959936794,0.0,1184.0,0.0
38,39,1,mappo,0,1703,68198,-0.0030867937311995775,-3681.5977513958996,-15.33999063081625,0.08767361636273563,0.7130189295858145,0.07244897959183674,0.0023476958522223867,0.17845839308574796,1.0,356.95416666666665,313.25,495.7,0,0,0,240,0.0,0.0,1703.0,4831.0,4831.0,77604.0,0.0,566.0,614.0,403.0,120.0,341.0,156.0,646.0,560.0,0.6676453317674692,2.836758661186142,0.715075905418928,0.2569105974975503,0.03699216671141452,0.8346975029140483,0.9210581375181804,1.1197063179866444,15.398650120372851,0.039559831113584784,0.007115132813422776,0.6553141514973576,0.012331180270111567,79307.0,0.0,0.0,0.0,0.0,0.0,0.0,0.0,0.0,0.0,0.0,0.0,0.0,0.0,0.0,0.0,0.0,0.0,0.0,0.0,0.0,0.0,0.0,0.0,0.0,4044639.0,0.0,0.0,0.0,0.0,0.0,0.0,0.0,0,0.0,0.0,337.5,337.5,337.5,0,0.9742786978736282,7.0,0,215.0,0.0,0.0,0.0,24,271.41666666666663,0.0,0.0,0.0,0.0,0.0,0.0,0.0,0.0,0.13643213025326162,1.8600159616919392,0.0,0.0,0.0,0.0,79307.0,761.0,0.0,0.0,0.0,0.0,0.0,0.0,0.0,0.0,0.0,0.0,0.0,0.0,0.0,0.0,0.0,0.0,0.0,0.0,0.0,0.0,0.0,240.0,0.0,0.0,0.0,11003.0,13.719451371571072,1.680317035702647,-0.14998799562454224,1135.0,2.0
39,40,1,mappo,0,1706,69904,0.00039873911009635776,-5123.934330541716,-21.34972637725715,0.1276593131478876,0.7092483621090651,0.07040816326530612,0.0007710695767855213,0.15573658735956997,1.0,356.75416666666666,316.5,480.4,0,0,0,240,0.0,0.0,1706.0,4863.0,4863.0,77343.0,0.0,528.0,651.0,378.0,149.0,335.0,156.0,644.0,571.0,0.690504103165299,2.8505275498241502,0.7816364667886062,0.2575835272460163,0.037089060822224455,0.8379087347443382,0.9168632787675242,1.039829961725891,15.508723580404016,0.02141107052215156,0.0071447011358890585,0.6565064478311841,0.03399765533411489,79049.0,0.0,0.0,0.0,0.0,0.0,0.0,0.0,0.0,0.0,0.0,0.0,0.0,0.0,0.0,0.0,0.0,0.0,0.0,0.0,0.0,0.0,0.0,0.0,0.0,4143731.0,0.0,0.0,0.0,0.0,0.0,0.0,0.0,0,0.0,0.0,337.5,337.5,337.5,0,0.9549796456625195,9.966666221618652,0,195.0,0.0,0.0,0.0,24,266.625,0.0,0.0,0.0,0.0,0.0,0.0,0.0,0.0,0.132549501095915,1.831595576619273,0.0,0.0,0.0,0.0,79049.0,1312.0,0.0,0.0,0.0,0.0,0.0,0.0,0.0,0.0,0.0,0.0,0.0,0.0,0.0,0.0,0.0,0.0,0.0,0.0,0.0,0.0,0.0,240.0,0.0,0.0,0.0,0.0,0.0,1.508715893448656,-0.14998799562454224,1176.0,2.0
40,41,1,mappo,0,1716,71620,-0.0009394549779244699,-3528.5310129794093,-14.702212554080871,0.1485232482664287,0.6913362890481949,0.06836734693877551,0.001863656365458155,0.19059109268710017,1.0,360.2708333333333,311.75,533.85,1,1,1,239,0.0,0.0,1716.0,4902.0,4902.0,78449.0,0.0,495.0,693.0,395.0,133.0,347.0,149.0,623.0,597.0,0.7115384615384616,2.8566433566433567,0.7914958333939591,0.25850087250116127,0.03722114798814788,0.8366978094833827,0.9135847616178746,1.0348218071127002,16.36232679540461,0.013313807575959584,0.007403606367919769,0.6707459207459208,0.04079254079254079,80165.0,0.0,0.0,0.0,0.0,0.0,0.0,0.0,0.0,0.0,0.0,0.0,0.0,0.0,0.0,0.0,0.0,0.0,0.0,0.0,0.0,0.0,0.0,0.0,0.0,4244120.0,0.0,0.0,0.0,0.0,0.0,0.0,0.0,0,0.0,0.0,337.5,337.5,337.5,0,0.9712516484146552,7.449999809265137,0,237.0,1.0,0.0,0.0,24,283.0,0.0,0.0,0.0,0.0,0.0,0.0,0.0,0.0,0.14700996549663636,1.8973536487570168,0.0,0.004166666666666667,0.0,0.0,80165.0,2727.0,0.0,0.0,0.0,0.0,0.0,0.0,0.0,0.0,0.0,0.0,0.0,0.0,0.0,0.0,0.0,0.0,0.0,0.0,0.0,0.0,0.0,240.0,0.0,0.0,0.0,4614.0,5.6683046683046685,1.454866033332658,0.8176603395508096,1220.0,1.0
41,42,1,mappo,0,1705,73325,-0.008524029850377701,-3917.153934448706,-16.321474726869607,0.16212403867393732,0.7009262982755899,0.0663265306122449,0.004058685595282441,0.17142355674877763,1.0,362.40833333333336,314.5,513.3499999999999,0,0,0,240,0.0,0.0,1705.0,4862.0,4862.0,78894.0,0.0,510.0,675.0,409.0,111.0,344.0,149.0,628.0,584.0,0.7008797653958945,2.8516129032258064,0.7560844035922957,0.25829911870428546,0.037192097738319656,0.8362417499974502,0.9214107210586759,1.0669583081982812,15.992854900024504,0.022090558577436446,0.007310085922837176,0.6703812316715543,0.030498533724340176,80599.0,0.0,0.0,0.0,0.0,0.0,0.0,0.0,0.0,0.0,0.0,0.0,0.0,0.0,0.0,0.0,0.0,0.0,0.0,0.0,0.0,0.0,0.0,0.0,0.0,4344857.0,0.0,0.0,0.0,0.0,0.0,0.0,0.0,0,0.0,0.0,337.5,337.5,337.5,0,0.9835264489446991,8.208333015441895,0,223.0,0.0,0.0,0.0,24,301.16666666666663,0.0,0.0,0.0,0.0,0.0,0.0,0.0,0.0,0.1519691282086657,1.9651033386327499,0.0,0.0,0.0,0.0,80599.0,1499.0,0.0,0.0,0.0,0.0,0.0,0.0,0.0,0.0,0.0,0.0,0.0,0.0,0.0,0.0,0.0,0.0,0.0,0.0,0.0,0.0,0.0,240.0,0.0,0.0,0.0,5452.0,6.747524752475248,1.5237134869963935,-0.14998799562454224,1194.0,1.0
42,43,1,mappo,0,1702,75027,0.0021761971947853453,-3934.5257129442857,-16.393857137267858,0.13127966108731925,0.7122425641864538,0.0642857142857143,0.0017906759139805217,0.19112607464194298,1.0,356.1666666666667,317.75,527.25,0,0,0,240,0.0,0.0,1702.0,4818.0,4818.0,77480.0,0.0,543.0,594.0,423.0,142.0,342.0,156.0,652.0,552.0,0.6809635722679201,2.8307873090481785,0.7434279014182427,0.25696239576671714,0.03699962504440098,0.8334348335097184,0.9170748778180023,1.104994032521221,15.48172213356027,0.03504325933169798,0.007146538734889102,0.6645123384253819,0.01645123384253819,79182.0,0.0,0.0,0.0,0.0,0.0,0.0,0.0,0.0,0.0,0.0,0.0,0.0,0.0,0.0,0.0,0.0,0.0,0.0,0.0,0.0,0.0,0.0,0.0,0.0,4443973.0,0.0,0.0,0.0,0.0,0.0,0.0,0.0,0,0.0,0.0,337.5,337.5,337.5,0,0.99115359920097,6.4750001430511475,0,209.0,0.0,0.0,0.0,24,258.79166666666663,0.0,0.0,0.0,0.0,0.0,0.0,0.0,0.0,0.13270618858212457,1.8097560975609754,0.0,0.0,0.0,0.0,79182.0,557.0,0.0,0.0,0.0,0.0,0.0,0.0,0.0,0.0,0.0,0.0,0.0,0.0,0.0,0.0,0.0,0.0,0.0,0.0,0.0,0.0,0.0,240.0,0.0,0.0,0.0,3311.0,4.217834394904458,1.6233924892125178,0.8113408430226268,1158.0,1.0
43,44,1,mappo,0,1700,76727,0.0027937425093114143,-3832.0887318950827,-15.967036382896177,0.20887801609933376,0.7053413577377796,0.062244897959183684,0.0010800097929859476,0.1715519584249705,1.0,363.2583333333333,307.5,526.35,0,0,0,240,0.0,0.0,1700.0,4834.0,4834.0,79204.0,0.0,543.0,688.0,348.0,121.0,347.0,145.0,635.0,573.0,0.6805882352941176,2.843529411764706,0.7975087090625482,0.2575257338189027,0.03708073921392069,0.8340477231462651,0.9143895218346049,1.0435109990872584,15.468173760526321,0.023779546938802854,0.007146049535105216,0.6535294117647059,0.027058823529411764,80904.0,0.0,0.0,0.0,0.0,0.0,0.0,0.0,0.0,0.0,0.0,0.0,0.0,0.0,0.0,0.0,0.0,0.0,0.0,0.0,0.0,0.0,0.0,0.0,0.0,4544836.0,0.0,0.0,0.0,0.0,0.0,0.0,0.0,0,0.0,0.0,337.5,337.5,337.5,0,0.9731736855334414,6.0333333015441895,0,198.0,0.0,0.0,0.0,24,324.58333333333337,0.0,0.0,0.0,0.0,0.0,0.0,0.0,0.0,0.15952710039534157,2.0610569105691052,0.0,0.0,0.0,0.0,80904.0,1084.0,0.0,0.0,0.0,0.0,0.0,0.0,0.0,0.0,0.0,0.0,0.0,0.0,0.0,0.0,0.0,0.0,0.0,0.0,0.0,0.0,0.0,240.0,0.0,0.0,0.0,465.0,0.5691554467564259,1.5361633544931501,-0.14998799562454224,1155.0,2.0
44,45,1,mappo,0,1697,78424,0.0007779307998134755,-3002.0461233894107,-12.508525514122544,0.103093221783638,0.7055413797497749,0.06020408163265306,0.0017483408760199382,0.14202539704274386,1.0,346.3833333333333,314.25,488.79999999999995,0,0,0,240,0.0,0.0,1697.0,4811.0,4811.0,75158.0,0.0,527.0,612.0,413.0,145.0,347.0,144.0,648.0,558.0,0.6894519740718916,2.8350029463759574,0.7144255862057068,0.2580509708517077,0.03715636730841682,0.8312071398862089,0.9187543991729222,1.0512193324744856,15.718246989904886,0.0236102697451555,0.007202556995400091,0.6658809664113141,0.02357100766057749,76855.0,0.0,0.0,0.0,0.0,0.0,0.0,0.0,0.0,0.0,0.0,0.0,0.0,0.0,0.0,0.0,0.0,0.0,0.0,0.0,0.0,0.0,0.0,0.0,0.0,4641567.0,0.0,0.0,0.0,0.0,0.0,0.0,0.0,0,0.0,0.0,337.5,337.5,337.5,0,0.9505554575912538,7.175000190734863,0,206.0,0.0,0.0,0.0,24,233.75,0.0,0.0,0.0,0.0,0.0,0.0,0.0,0.0,0.12786807927953947,1.7007955449482886,0.0,0.0,0.0,0.0,76855.0,999.0,0.0,0.0,0.0,0.0,0.0,0.0,0.0,0.0,0.0,0.0,0.0,0.0,0.0,0.0,0.0,0.0,0.0,0.0,0.0,0.0,0.0,240.0,0.0,0.0,0.0,0.0,0.0,1.5261498675832563,-0.14998799562454224,1169.0,1.0
45,46,1,mappo,0,1697,80121,-0.0019276085949968547,-2197.0093750320834,-9.154205729300347,0.07506472279783338,0.7127671390771866,0.05816326530612245,0.00020893701821478317,0.1576871711295098,1.0,336.17083333333335,318.5,429.9999999999999,0,0,0,240,0.0,0.0,1697.0,4793.0,4793.0,72758.0,0.0,554.0,604.0,381.0,158.0,366.0,125.0,647.0,559.0,0.6735415439010017,2.824395992928698,0.6344187831221852,0.25643783000352177,0.03692409359127213,0.8372889837945998,0.9210405416597882,1.0152409975002583,14.827334205051978,0.024885760670764184,0.006949986098775518,0.648202710665881,0.025338833235120803,74455.0,0.0,0.0,0.0,0.0,0.0,0.0,0.0,0.0,0.0,0.0,0.0,0.0,0.0,0.0,0.0,0.0,0.0,0.0,0.0,0.0,0.0,0.0,0.0,0.0,4735816.0,0.0,0.0,0.0,0.0,0.0,0.0,0.0,0,0.0,0.0,337.5,337.5,337.5,0,0.9616871360767236,9.222222328186035,0,208.0,0.0,0.0,0.0,24,163.39583333333331,0.0,0.0,0.0,0.0,0.0,0.0,0.0,0.0,0.09109569374036841,1.4824175824175823,0.0,0.0,0.0,0.0,74455.0,519.0,0.0,0.0,0.0,0.0,0.0,0.0,0.0,0.0,0.0,0.0,0.0,0.0,0.0,0.0,0.0,0.0,0.0,0.0,0.0,0.0,0.0,240.0,0.0,0.0,0.0,6725.0,8.813892529488859,1.5087687922535575,-0.14998799562454224,1142.0,1.0
46,47,1,mappo,0,1705,81826,-0.000985086488071829,-3834.338765897806,-15.976411524574191,0.10687693615909666,0.6933057047426701,0.05612244897959183,0.0016002181146177463,0.18348684906959534,1.0,353.40416666666664,328.25,494.7,0,0,0,240,0.0,0.0,1705.0,4830.0,4830.0,76773.0,0.0,538.0,628.0,422.0,117.0,351.0,145.0,647.0,562.0,0.6844574780058651,2.832844574780059,0.7481727767550002,0.2577126085015336,0.03710764702354883,0.8377074361158824,0.9267175808636324,1.0776133309203764,15.855622481740465,0.024999429805213143,0.007266053578742652,0.6592375366568914,0.025219941348973606,78478.0,0.0,0.0,0.0,0.0,0.0,0.0,0.0,0.0,0.0,0.0,0.0,0.0,0.0,0.0,0.0,0.0,0.0,0.0,0.0,0.0,0.0,0.0,0.0,0.0,4834245.0,0.0,0.0,0.0,0.0,0.0,0.0,0.0,0,0.0,0.0,337.5,337.5,337.5,0,0.9722101094860403,7.324999809265137,0,223.0,0.0,0.0,0.0,24,226.1875,0.0,0.0,0.0,0.0,0.0,0.0,0.0,0.0,0.13135559498685412,1.6270373191165268,0.0,0.0,0.0,0.0,78478.0,777.0,0.0,0.0,0.0,0.0,0.0,0.0,0.0,0.0,0.0,0.0,0.0,0.0,0.0,0.0,0.0,0.0,0.0,0.0,0.0,0.0,0.0,240.0,0.0,0.0,0.0,256.0,0.32323232323232326,1.57505950975662,0.8113408430226268,1166.0,1.0
47,48,1,mappo,0,1701,83527,0.004977323958883062,-20947.527477071766,-87.28136448779902,1.248469764366746,0.6920977961272001,0.054081632653061235,0.0004469931809580885,0.16911805933341384,1.0,470.55833333333334,342.75,810.8,1,1,1,239,0.0,0.0,1701.0,4849.0,4849.0,104391.0,0.0,500.0,658.0,438.0,105.0,329.0,162.0,644.0,566.0,0.7060552616108172,2.850676072898295,0.8646168640559032,0.2584913271812745,0.03721977354162567,0.7962297768151931,0.8809126093427923,1.055537769907987,15.966976042147037,0.0245818185143154,0.007333011137748942,0.6525573192239859,0.053497942386831275,106092.0,0.0,0.0,0.0,0.0,0.0,0.0,0.0,0.0,0.0,0.0,0.0,0.0,0.0,0.0,0.0,0.0,0.0,0.0,0.0,0.0,0.0,0.0,0.0,0.0,4960349.0,0.0,0.0,0.0,0.0,0.0,0.0,0.0,0,0.0,0.0,337.5,337.5,337.5,0,0.9760684361839618,10.333333015441895,200,223.0,1.0,0.0,0.0,24,517.25,0.0,0.0,0.0,0.0,0.0,0.0,0.0,0.0,0.24273030413043606,2.4787746170678333,0.0,0.004166666666666667,0.0,0.0,106092.0,1314.0,0.0,0.0,0.0,0.0,0.0,0.0,0.0,0.0,0.0,0.0,0.0,0.0,0.0,0.0,0.0,0.0,0.0,0.0,0.0,0.0,0.0,240.0,0.0,0.0,0.0,22087.0,20.797551789077215,1.5011781645532178,0.012132361567537098,1196.0,5.0
48,49,1,mappo,0,1696,85223,0.0022920405802627406,-4542.180373580474,-18.925751556585308,0.35819121326009434,0.6969026972850164,0.05204081632653061,0.003747669355410229,0.13935546887417635,1.0,366.2875,318.0,522.25,0,0,0,240,0.0,0.0,1696.0,4834.0,4834.0,79906.0,0.0,506.0,632.0,406.0,152.0,337.0,150.0,639.0,570.0,0.7016509433962265,2.8502358490566038,0.8260157705846963,0.25880748673148873,0.03726529686564562,0.8252976554498639,0.9162015995089808,1.0822494721182232,15.90792491329166,0.028412419514304232,0.00728045293073814,0.6721698113207547,0.0294811320754717,81602.0,0.0,0.0,0.0,0.0,0.0,0.0,0.0,0.0,0.0,0.0,0.0,0.0,0.0,0.0,0.0,0.0,0.0,0.0,0.0,0.0,0.0,0.0,0.0,0.0,5061902.0,0.0,0.0,0.0,0.0,0.0,0.0,0.0,0,0.0,0.0,337.5,337.5,337.5,0,1.0022373971613023,6.199999809265137,0,216.0,0.0,0.0,0.0,24,274.5,0.0,0.0,0.0,0.0,0.0,0.0,0.0,0.0,0.14037475305903446,1.841037735849056,0.0,0.0,0.0,0.0,81602.0,1147.0,0.0,0.0,0.0,0.0,0.0,0.0,0.0,0.0,0.0,0.0,0.0,0.0,0.0,0.0,0.0,0.0,0.0,0.0,0.0,0.0,0.0,240.0,0.0,0.0,0.0,3116.0,3.8901373283395757,1.5438562596367795,-0.14998799562454224,1189.0,1.0
49,50,1,mappo,0,1698,86921,-0.005186589725781232,-3970.301223043377,-16.542921762680738,0.11985568609088659,0.7001467403024435,0.05,0.0027418099589340272,0.20568998414091766,1.0,359.7375,322.5,513.1999999999999,0,0,0,240,0.0,0.0,1698.0,4828.0,4828.0,78364.0,0.0,516.0,587.0,479.0,116.0,331.0,162.0,647.0,558.0,0.696113074204947,2.843345111896349,0.7890717267498673,0.25781801978325813,0.03712282500979002,0.8260698860565483,0.9203943632262264,1.042467116965523,15.655990780031724,0.02270669576990089,0.00719004532497539,0.6590106007067138,0.037102473498233215,80062.0,0.0,0.0,0.0,0.0,0.0,0.0,0.0,0.0,0.0,0.0,0.0,0.0,0.0,0.0,0.0,0.0,0.0,0.0,0.0,0.0,0.0,0.0,0.0,0.0,5161924.0,0.0,0.0,0.0,0.0,0.0,0.0,0.0,0,0.0,0.0,337.5,337.5,337.5,0,0.9900686295177195,6.19527792930603,0,241.0,0.0,0.0,0.0,24,272.625,0.0,0.0,0.0,0.0,0.0,0.0,0.0,0.0,0.1398826208153321,1.823488372093023,0.0,0.0,0.0,0.0,80062.0,843.0,0.0,0.0,0.0,0.0,0.0,0.0,0.0,0.0,0.0,0.0,0.0,0.0,0.0,0.0,0.0,0.0,0.0,0.0,0.0,0.0,0.0,240.0,0.0,0.0,0.0,5778.0,7.249686323713927,1.5003467293209385,-0.14998799562454224,1180.0,2.0
